x_coor,y_coor,dip_azi,dip,thick,throw,depth_mid,h1,h2,h3,h4,h5,h6,h7,f_s1,f_s2,f_s3,f_s4,f_s5,f_s6,f_s7,f_d1,f_d2,f_d3,f_d4,f_d5,f_d6,f_d7,d_c1,d_c2,d_c3,d_c4,d_c5,d_c6,d_c7,sv_grad1,sv_grad2,sv_grad3,sv_grad4,sv_grad5,sv_grad6,sv_grad7,shsv1,shsv2,shsv3,shsv4,shsv5,shsv6,shsv7
249201.9999009309,591610.2965233161,60.809991934753995,66.61770533671742,247.78646133178626,7.614695894814829,-2981.060382615357,-2756.1,-2798.35,-2798.35,-2840.15,-2861.93,-3104.95,-3104.95,0.75,0.5,0.35,0.52,0.65,0.61,0.5,0.35,0.3,0.25,0.275,0.3,0.35,0.37,0.003,0.006,0.008,0.007,0.005,0.007,0.008,22.0,22.0,22.0,22.0,22.0,22.0,22.0,0.9,0.9,0.8,0.8,0.75,0.82,0.82
249167.1989475411,591638.9068811404,61.35955182561728,67.73627392697816,237.41056801009174,3.2716566442476713,-2986.2483292762045,-2765.45,-2807.32,-2807.32,-2869.15,-2869.15,-3104.95,-3104.95,0.75,0.5,0.35,0.52,0.65,0.61,0.5,0.35,0.3,0.25,0.275,0.3,0.35,0.37,0.003,0.006,0.008,0.007,0.005,0.007,0.008,22.0,22.0,22.0,22.0,22.0,22.0,22.0,0.9,0.9,0.8,0.8,0.75,0.82,0.82
249130.86770258646,591665.6676829013,61.829079049367486,68.38851420951579,226.18823480029823,0.6374701824433124,-2991.859495881101,-2778.41,-2817.71,-2817.71,-2880.16,-2880.16,-3104.95,-3104.95,0.75,0.5,0.35,0.52,0.65,0.61,0.5,0.35,0.3,0.25,0.275,0.3,0.35,0.37,0.003,0.006,0.008,0.007,0.005,0.007,0.008,22.0,22.0,22.0,22.0,22.0,22.0,22.0,0.9,0.9,0.8,0.8,0.75,0.82,0.82
249093.81400840182,591691.555310958,62.13687014030701,68.36717755565202,217.18046340828977,0.049734989077984494,-2996.363943592549,-2785.85,-2825.08,-2825.08,-2888.57,-2888.57,-3104.95,-3104.95,0.75,0.5,0.35,0.52,0.65,0.61,0.5,0.35,0.3,0.25,0.275,0.3,0.35,0.37,0.003,0.006,0.008,0.007,0.005,0.007,0.008,22.0,22.0,22.0,22.0,22.0,22.0,22.0,0.9,0.9,0.8,0.8,0.75,0.82,0.82
249056.66852775842,591717.3320031608,62.062910526257596,68.14242074901483,210.3802574703451,0.0028804963591378932,-2999.7830675588043,-2789.99,-2830.45,-2830.45,-2895.88,-2895.88,-3104.95,-3104.95,0.75,0.5,0.35,0.52,0.65,0.61,0.5,0.35,0.3,0.25,0.275,0.3,0.35,0.37,0.003,0.006,0.008,0.007,0.005,0.007,0.008,22.0,22.0,22.0,22.0,22.0,22.0,22.0,0.9,0.9,0.8,0.8,0.75,0.82,0.82
249020.44988867256,591744.228903736,61.390708474284025,67.61065434868382,205.8787610887107,0.02636979568348123,-3002.2741666006964,-2792.92,-2833.78,-2833.78,-2900.15,-2900.15,-3104.95,-3104.95,0.75,0.5,0.35,0.52,0.65,0.61,0.5,0.35,0.3,0.25,0.275,0.3,0.35,0.37,0.003,0.006,0.008,0.007,0.005,0.007,0.008,22.0,22.0,22.0,22.0,22.0,22.0,22.0,0.9,0.9,0.8,0.8,0.75,0.82,0.82
248985.3196707279,591772.441302591,60.68225980094612,65.75363744514122,204.07880240366728,0.24443501583385294,-3004.35726717076,-2793.47,-2835.72,-2835.72,-2902.98,-2902.98,-3104.95,-3104.95,0.75,0.5,0.35,0.52,0.65,0.61,0.5,0.35,0.3,0.25,0.275,0.3,0.35,0.37,0.003,0.006,0.008,0.007,0.005,0.007,0.008,22.0,22.0,22.0,22.0,22.0,22.0,22.0,0.9,0.9,0.8,0.8,0.75,0.82,0.82
248958.00780927105,591810.1032004708,60.13852181182146,63.183102909434695,204.69346913407816,1.211075758630771,-3006.4858662944957,-2792.73,-2836.05,-2836.67,-2904.32,-2904.36,-3108.94,-3109.37,0.75,0.5,0.35,0.52,0.65,0.61,0.5,0.35,0.3,0.25,0.275,0.3,0.35,0.37,0.003,0.006,0.008,0.007,0.005,0.007,0.008,22.0,22.0,22.0,22.0,22.0,22.0,22.0,0.9,0.9,0.8,0.8,0.75,0.82,0.82
248933.6641065826,591851.352503636,59.70233738698234,61.750861492725534,205.58911909151368,3.554398475741271,-3008.349576847153,-2790.08,-2835.4,-2837.79,-2903.95,-2906.58,-3110.63,-3113.8,0.75,0.5,0.35,0.52,0.65,0.61,0.5,0.35,0.3,0.25,0.275,0.3,0.35,0.37,0.003,0.006,0.008,0.007,0.005,0.007,0.008,22.0,22.0,22.0,22.0,22.0,22.0,22.0,0.9,0.9,0.8,0.8,0.75,0.82,0.82
248917.5727212933,591902.5758039369,59.48049251351896,61.16946175731293,205.03236026614076,7.337354742901544,-3009.611759589706,-2786.95,-2833.93,-2839.81,-2903.69,-2910.5,-3109.35,-3115.88,0.75,0.5,0.35,0.52,0.65,0.61,0.5,0.35,0.3,0.25,0.275,0.3,0.35,0.37,0.003,0.006,0.008,0.007,0.005,0.007,0.008,22.0,22.0,22.0,22.0,22.0,22.0,22.0,0.9,0.9,0.8,0.8,0.75,0.82,0.82
248893.48889011235,591944.139195563,58.828683168118594,62.08051940382711,203.34732991142647,12.290149952298076,-3010.2546202519866,-2788.1,-2834.18,-2845.48,-2902.75,-2915.08,-3106.57,-3118.02,0.75,0.5,0.35,0.52,0.65,0.61,0.5,0.35,0.3,0.25,0.275,0.3,0.35,0.37,0.003,0.006,0.008,0.007,0.005,0.007,0.008,22.0,22.0,22.0,22.0,22.0,22.0,22.0,0.9,0.9,0.8,0.8,0.75,0.82,0.82
248853.50959855836,591966.4908593118,57.41795453531715,64.55567474527166,201.50647157058717,17.84410692347072,-3010.219865295023,-2789.59,-2833.24,-2850.58,-2900.68,-2919.44,-3102.54,-3119.89,0.75,0.5,0.35,0.52,0.65,0.61,0.5,0.35,0.3,0.25,0.275,0.3,0.35,0.37,0.003,0.006,0.008,0.007,0.005,0.007,0.008,22.0,22.0,22.0,22.0,22.0,22.0,22.0,0.9,0.9,0.8,0.8,0.75,0.82,0.82
248812.10742623132,591987.122786886,56.459007991656705,67.22962718015725,200.05777870618724,23.183263401964236,-3009.472307554167,-2788.36,-2830.82,-2854.09,-2897.77,-2921.89,-3098.13,-3121.25,0.75,0.5,0.35,0.52,0.65,0.61,0.5,0.35,0.3,0.25,0.275,0.3,0.35,0.37,0.003,0.006,0.008,0.007,0.005,0.007,0.008,22.0,22.0,22.0,22.0,22.0,22.0,22.0,0.9,0.9,0.8,0.8,0.75,0.82,0.82
248769.25036088194,592005.9962873256,56.24853976718585,69.57138813772929,199.02650983493987,27.681189135965454,-3008.1961343752905,-2787.82,-2828.53,-2856.35,-2894.45,-2923.24,-3093.81,-3121.7,0.75,0.5,0.35,0.52,0.65,0.61,0.5,0.35,0.3,0.25,0.275,0.3,0.35,0.37,0.003,0.006,0.008,0.007,0.005,0.007,0.008,22.0,22.0,22.0,22.0,22.0,22.0,22.0,0.9,0.9,0.8,0.8,0.75,0.82,0.82
248729.89127462584,592029.0975497101,56.314442683434024,71.83000496245788,198.27279736306411,31.01630848619844,-3006.741825677902,-2788.05,-2826.03,-2856.99,-2891.68,-2923.37,-3089.89,-3121.49,0.75,0.5,0.35,0.52,0.65,0.61,0.5,0.35,0.3,0.25,0.275,0.3,0.35,0.37,0.003,0.006,0.008,0.007,0.005,0.007,0.008,22.0,22.0,22.0,22.0,22.0,22.0,22.0,0.9,0.9,0.8,0.8,0.75,0.82,0.82
248693.6835542499,592056.0076469638,56.20997911483411,73.42636327742215,197.6791131554348,33.15859957409519,-3005.466653870171,-2788.91,-2824.5,-2856.99,-2889.66,-2923.14,-3087.19,-3121.01,0.75,0.5,0.35,0.52,0.65,0.61,0.5,0.35,0.3,0.25,0.275,0.3,0.35,0.37,0.003,0.006,0.008,0.007,0.005,0.007,0.008,22.0,22.0,22.0,22.0,22.0,22.0,22.0,0.9,0.9,0.8,0.8,0.75,0.82,0.82
248656.13617420133,592081.2985915492,55.52534969830467,74.21432185987607,197.11284435093935,34.19925356112178,-3004.586128346628,-2788.81,-2823.47,-2857.07,-2888.53,-2922.97,-3085.36,-3120.45,0.75,0.5,0.35,0.52,0.65,0.61,0.5,0.35,0.3,0.25,0.275,0.3,0.35,0.37,0.003,0.006,0.008,0.007,0.005,0.007,0.008,22.0,22.0,22.0,22.0,22.0,22.0,22.0,0.9,0.9,0.8,0.8,0.75,0.82,0.82
248617.3200916112,592105.0561443728,54.405622071354756,74.99475825743532,196.53938435646512,34.144740671857775,-3004.141671744873,-2787.96,-2823.47,-2857.27,-2888.52,-2922.96,-3084.74,-3119.7,0.75,0.5,0.35,0.52,0.65,0.61,0.5,0.35,0.3,0.25,0.275,0.3,0.35,0.37,0.003,0.006,0.008,0.007,0.005,0.007,0.008,22.0,22.0,22.0,22.0,22.0,22.0,22.0,0.9,0.9,0.8,0.8,0.75,0.82,0.82
248578.3513473462,592128.6291857392,53.38485862246685,75.36144694547309,196.04467929162274,33.00559624541869,-3004.053195853192,-2786.73,-2824.23,-2856.59,-2889.41,-2922.48,-3084.92,-3118.86,0.75,0.5,0.35,0.52,0.65,0.61,0.5,0.35,0.3,0.25,0.275,0.3,0.35,0.37,0.003,0.006,0.008,0.007,0.005,0.007,0.008,22.0,22.0,22.0,22.0,22.0,22.0,22.0,0.9,0.9,0.8,0.8,0.75,0.82,0.82
248539.68741661054,592152.5706338357,52.44448377096245,74.86302916497311,195.64735544471853,30.906137060167588,-3004.2362624102893,-2786.75,-2825.77,-2855.6,-2890.8,-2921.78,-3086.17,-3117.78,0.75,0.5,0.35,0.52,0.65,0.61,0.5,0.35,0.3,0.25,0.275,0.3,0.35,0.37,0.003,0.006,0.008,0.007,0.005,0.007,0.008,22.0,22.0,22.0,22.0,22.0,22.0,22.0,0.9,0.9,0.8,0.8,0.75,0.82,0.82
248502.51544279465,592178.3153055996,50.39815439764559,74.05382845743765,195.2496087707626,28.152573311601614,-3004.640340711243,-2788.39,-2827.81,-2854.73,-2893.02,-2920.76,-3087.84,-3116.53,0.75,0.5,0.35,0.52,0.65,0.61,0.5,0.35,0.3,0.25,0.275,0.3,0.35,0.37,0.003,0.006,0.008,0.007,0.005,0.007,0.008,22.0,22.0,22.0,22.0,22.0,22.0,22.0,0.9,0.9,0.8,0.8,0.75,0.82,0.82
248466.87717568263,592205.913661066,48.29200448772264,73.4734833052024,194.82755705157788,25.2574811108503,-3005.2180964510044,-2791.26,-2830.28,-2854.17,-2895.48,-2920.1,-3089.84,-3115.28,0.75,0.5,0.35,0.52,0.65,0.61,0.5,0.35,0.3,0.25,0.275,0.3,0.35,0.37,0.003,0.006,0.008,0.007,0.005,0.007,0.008,22.0,22.0,22.0,22.0,22.0,22.0,22.0,0.9,0.9,0.8,0.8,0.75,0.82,0.82
248433.74681376535,592236.5431456103,47.97527009097618,73.04859812073013,194.45048550189162,22.777672133709657,-3005.907372275309,-2793.73,-2832.43,-2853.77,-2897.7,-2919.63,-3091.72,-3114.44,0.75,0.5,0.35,0.52,0.65,0.61,0.5,0.35,0.3,0.25,0.275,0.3,0.35,0.37,0.003,0.006,0.008,0.007,0.005,0.007,0.008,22.0,22.0,22.0,22.0,22.0,22.0,22.0,0.9,0.9,0.8,0.8,0.75,0.82,0.82
248405.4646768102,592273.0323395607,48.215833085353076,72.71498691803308,194.14182002282354,21.17514158176838,-3006.6654588030183,-2795.48,-2834.24,-2853.75,-2899.59,-2919.59,-3093.18,-3114.21,0.75,0.5,0.35,0.52,0.65,0.61,0.5,0.35,0.3,0.25,0.275,0.3,0.35,0.37,0.003,0.006,0.008,0.007,0.005,0.007,0.008,22.0,22.0,22.0,22.0,22.0,22.0,22.0,0.9,0.9,0.8,0.8,0.75,0.82,0.82
248377.01591304413,592309.3201433737,46.903063520619824,72.59650440842701,193.86416678529298,20.691109216407963,-3007.45353743944,-2796.93,-2835.34,-2854.52,-2900.65,-2920.39,-3094.13,-3114.71,0.75,0.5,0.35,0.52,0.65,0.61,0.5,0.35,0.3,0.25,0.275,0.3,0.35,0.37,0.003,0.006,0.008,0.007,0.005,0.007,0.008,22.0,22.0,22.0,22.0,22.0,22.0,22.0,0.9,0.9,0.8,0.8,0.75,0.82,0.82
248345.02251959956,592341.323801952,45.0124612733876,72.56733124657848,193.54974135987976,21.22285811406908,-3008.198815002448,-2797.73,-2835.78,-2855.62,-2901.24,-2921.71,-3094.44,-3115.7,0.75,0.5,0.35,0.52,0.65,0.61,0.5,0.35,0.3,0.25,0.275,0.3,0.35,0.37,0.003,0.006,0.008,0.007,0.005,0.007,0.008,22.0,22.0,22.0,22.0,22.0,22.0,22.0,0.9,0.9,0.8,0.8,0.75,0.82,0.82
248309.0942452783,592368.5716460488,43.553983753157254,72.70823476082965,193.16875866687428,22.4529837221219,-3008.808833655573,-2797.94,-2835.74,-2856.93,-2901.37,-2923.31,-3094.2,-3116.83,0.75,0.5,0.35,0.52,0.65,0.61,0.5,0.35,0.3,0.25,0.275,0.3,0.35,0.37,0.003,0.006,0.008,0.007,0.005,0.007,0.008,22.0,22.0,22.0,22.0,22.0,22.0,22.0,0.9,0.9,0.8,0.8,0.75,0.82,0.82
248269.2207725351,592391.0512055708,42.68121215567591,73.17827198507797,192.71395110075485,23.97693897867751,-3009.232117121181,-2798.32,-2835.51,-2858.66,-2901.04,-2924.77,-3093.53,-3117.9,0.75,0.5,0.35,0.52,0.65,0.61,0.5,0.35,0.3,0.25,0.275,0.3,0.35,0.37,0.003,0.006,0.008,0.007,0.005,0.007,0.008,22.0,22.0,22.0,22.0,22.0,22.0,22.0,0.9,0.9,0.8,0.8,0.75,0.82,0.82
248226.47277413722,592410.0565275836,42.52187754560151,73.75414341973939,192.19956131745272,25.284401829089234,-3009.513309217121,-2798.96,-2835.36,-2860.34,-2900.77,-2926.16,-3092.58,-3118.64,0.75,0.5,0.35,0.52,0.65,0.61,0.5,0.35,0.3,0.25,0.275,0.3,0.35,0.37,0.003,0.006,0.008,0.007,0.005,0.007,0.008,22.0,22.0,22.0,22.0,22.0,22.0,22.0,0.9,0.9,0.8,0.8,0.75,0.82,0.82
248183.84538166344,592429.2076175163,42.79271636367788,74.12232029981612,191.75393752893382,25.8430780168575,-3009.800094507023,-2798.75,-2835.53,-2861.01,-2900.94,-2926.78,-3091.96,-3118.99,0.75,0.5,0.35,0.52,0.65,0.61,0.5,0.35,0.3,0.25,0.275,0.3,0.35,0.37,0.003,0.006,0.008,0.007,0.005,0.007,0.008,22.0,22.0,22.0,22.0,22.0,22.0,22.0,0.9,0.9,0.8,0.8,0.75,0.82,0.82
248143.90232467186,592451.6030754388,43.352179266261906,73.85245780496857,191.4568313090954,25.38917822702633,-3010.293414469706,-2798.72,-2836.57,-2861.1,-2901.75,-2926.99,-3092.59,-3119.07,0.75,0.5,0.35,0.52,0.65,0.61,0.5,0.35,0.3,0.25,0.275,0.3,0.35,0.37,0.003,0.006,0.008,0.007,0.005,0.007,0.008,22.0,22.0,22.0,22.0,22.0,22.0,22.0,0.9,0.9,0.8,0.8,0.75,0.82,0.82
248105.3794833534,592475.7150484163,44.7908485711293,73.14141037442332,191.26898370612605,24.064143834877687,-3011.0862195274376,-2800.18,-2838.16,-2861.06,-2903.58,-2927.17,-3094.04,-3119.1,0.75,0.5,0.35,0.52,0.65,0.61,0.5,0.35,0.3,0.25,0.275,0.3,0.35,0.37,0.003,0.006,0.008,0.007,0.005,0.007,0.008,22.0,22.0,22.0,22.0,22.0,22.0,22.0,0.9,0.9,0.8,0.8,0.75,0.82,0.82
248066.55761161717,592499.465604305,46.42143557596738,72.31188321669578,191.22615695175008,22.310964430067756,-3012.083191885796,-2802.47,-2840.2,-2860.93,-2905.82,-2927.24,-3096.15,-3119.1,0.75,0.5,0.35,0.52,0.65,0.61,0.5,0.35,0.3,0.25,0.275,0.3,0.35,0.37,0.003,0.006,0.008,0.007,0.005,0.007,0.008,22.0,22.0,22.0,22.0,22.0,22.0,22.0,0.9,0.9,0.8,0.8,0.75,0.82,0.82
248028.59677632796,592524.2568345452,47.39921737077221,71.55038866432906,191.43268416298332,20.645307107542415,-3013.077406909112,-2804.06,-2841.93,-2861.09,-2907.73,-2927.42,-3098.27,-3119.41,0.75,0.5,0.35,0.52,0.65,0.61,0.5,0.35,0.3,0.25,0.275,0.3,0.35,0.37,0.003,0.006,0.008,0.007,0.005,0.007,0.008,22.0,22.0,22.0,22.0,22.0,22.0,22.0,0.9,0.9,0.8,0.8,0.75,0.82,0.82
247991.89648153735,592550.5715916583,48.06440730409261,70.7342299985514,191.97682029932338,19.344785457473055,-3013.8654507317933,-2804.23,-2842.78,-2860.25,-2908.97,-2927.38,-3099.95,-3119.88,0.75,0.5,0.35,0.52,0.65,0.61,0.5,0.35,0.3,0.25,0.275,0.3,0.35,0.37,0.003,0.006,0.008,0.007,0.005,0.007,0.008,22.0,22.0,22.0,22.0,22.0,22.0,22.0,0.9,0.9,0.8,0.8,0.75,0.82,0.82
247957.98212575662,592580.2535178175,49.37603334300496,69.49026917480566,192.82825855882476,18.49179606639407,-3014.3776870023357,-2802.9,-2842.84,-2859.12,-2909.47,-2926.62,-3101.25,-3120.49,0.75,0.5,0.35,0.52,0.65,0.61,0.5,0.35,0.3,0.25,0.275,0.3,0.35,0.37,0.003,0.006,0.008,0.007,0.005,0.007,0.008,22.0,22.0,22.0,22.0,22.0,22.0,22.0,0.9,0.9,0.8,0.8,0.75,0.82,0.82
247925.97102453787,592612.2357742514,51.06998456729543,67.73340606874967,193.76816043150095,18.191974311998777,-3014.663964673043,-2801.33,-2842.18,-2857.24,-2909.57,-2926.15,-3102.1,-3121.26,0.75,0.5,0.35,0.52,0.65,0.61,0.5,0.35,0.3,0.25,0.275,0.3,0.35,0.37,0.003,0.006,0.008,0.007,0.005,0.007,0.008,22.0,22.0,22.0,22.0,22.0,22.0,22.0,0.9,0.9,0.8,0.8,0.75,0.82,0.82
247897.49109801455,592648.4859138258,52.91373637331297,65.91384845879651,194.51895903169225,18.56018199416047,-3014.7634133745187,-2799.55,-2840.77,-2855.35,-2909.06,-2925.85,-3102.49,-3121.99,0.75,0.5,0.35,0.52,0.65,0.61,0.5,0.35,0.3,0.25,0.275,0.3,0.35,0.37,0.003,0.006,0.008,0.007,0.005,0.007,0.008,22.0,22.0,22.0,22.0,22.0,22.0,22.0,0.9,0.9,0.8,0.8,0.75,0.82,0.82
247870.4717739851,592686.5013811724,55.5249149818582,64.59537258452983,194.76733092686544,19.646769896240663,-3014.7387971707185,-2797.58,-2839.55,-2854.79,-2908.14,-2926.08,-3101.97,-3122.68,0.75,0.5,0.35,0.52,0.65,0.61,0.5,0.35,0.3,0.25,0.275,0.3,0.35,0.37,0.003,0.006,0.008,0.007,0.005,0.007,0.008,22.0,22.0,22.0,22.0,22.0,22.0,22.0,0.9,0.9,0.8,0.8,0.75,0.82,0.82
247841.91152628852,592722.6544421792,58.326365646146336,64.18303931376926,194.3421594138777,21.320923181248162,-3014.680435535135,-2796.5,-2838.71,-2856.59,-2907.37,-2927.44,-3100.89,-3123.12,0.75,0.5,0.35,0.52,0.65,0.61,0.5,0.35,0.3,0.25,0.275,0.3,0.35,0.37,0.003,0.006,0.008,0.007,0.005,0.007,0.008,22.0,22.0,22.0,22.0,22.0,22.0,22.0,0.9,0.9,0.8,0.8,0.75,0.82,0.82
247808.0153868735,592752.3583851819,61.159029848138104,64.67471664389257,193.41176353845333,23.19916306777055,-3014.6382474346597,-2797.01,-2838.39,-2859.14,-2906.4,-2929.26,-3099.33,-3123.33,0.75,0.5,0.35,0.52,0.65,0.61,0.5,0.35,0.3,0.25,0.275,0.3,0.35,0.37,0.003,0.006,0.008,0.007,0.005,0.007,0.008,22.0,22.0,22.0,22.0,22.0,22.0,22.0,0.9,0.9,0.8,0.8,0.75,0.82,0.82
247771.97267586022,592779.4679176768,63.99922939669894,65.54447837050375,192.33189889992218,24.75987642809922,-3014.640759026448,-2797.17,-2837.77,-2861.52,-2906.03,-2931.01,-3098.08,-3123.36,0.75,0.5,0.35,0.52,0.65,0.61,0.5,0.35,0.3,0.25,0.275,0.3,0.35,0.37,0.003,0.006,0.008,0.007,0.005,0.007,0.008,22.0,22.0,22.0,22.0,22.0,22.0,22.0,0.9,0.9,0.8,0.8,0.75,0.82,0.82
247737.28079198036,592808.2101001666,64.5620397496348,66.79775291476372,191.46368820113508,25.672393098756956,-3014.593639903521,-2797.06,-2837.63,-2863.56,-2906.07,-2932.27,-3097.43,-3123.33,0.75,0.5,0.35,0.52,0.65,0.61,0.5,0.35,0.3,0.25,0.275,0.3,0.35,0.37,0.003,0.006,0.008,0.007,0.005,0.007,0.008,22.0,22.0,22.0,22.0,22.0,22.0,22.0,0.9,0.9,0.8,0.8,0.75,0.82,0.82
247704.08682803952,592838.7627134067,65.02908616584632,68.50901348810424,191.04966021163614,25.90866927304546,-3014.3314786254605,-2798.76,-2838.23,-2863.77,-2906.02,-2932.17,-3096.74,-3122.92,0.75,0.5,0.35,0.52,0.65,0.61,0.5,0.35,0.3,0.25,0.275,0.3,0.35,0.37,0.003,0.006,0.008,0.007,0.005,0.007,0.008,22.0,22.0,22.0,22.0,22.0,22.0,22.0,0.9,0.9,0.8,0.8,0.75,0.82,0.82
247673.56279208933,592872.5422813123,66.56985672733737,69.77243134714779,191.08184983016295,25.686802938711104,-3013.8976522904168,-2801.44,-2838.11,-2862.83,-2905.75,-2930.93,-3096.2,-3122.54,0.75,0.5,0.35,0.52,0.65,0.61,0.5,0.35,0.3,0.25,0.275,0.3,0.35,0.37,0.003,0.006,0.008,0.007,0.005,0.007,0.008,22.0,22.0,22.0,22.0,22.0,22.0,22.0,0.9,0.9,0.8,0.8,0.75,0.82,0.82
247647.81265227526,592912.0917225862,67.17111483391298,70.1413397782348,191.30541341604393,25.474673905898726,-3013.5637049676216,-2802.73,-2838.26,-2861.56,-2905.63,-2929.65,-3095.89,-3122.06,0.75,0.5,0.35,0.52,0.65,0.61,0.5,0.35,0.3,0.25,0.275,0.3,0.35,0.37,0.003,0.006,0.008,0.007,0.005,0.007,0.008,22.0,22.0,22.0,22.0,22.0,22.0,22.0,0.9,0.9,0.8,0.8,0.75,0.82,0.82
247627.09387853884,592957.7222230849,67.2060951132705,69.9687617865296,191.4428756003574,25.91376818002843,-3013.5608298402994,-2802.0,-2837.94,-2860.53,-2905.72,-2929.5,-3095.82,-3122.63,0.75,0.5,0.35,0.52,0.65,0.61,0.5,0.35,0.3,0.25,0.275,0.3,0.35,0.37,0.003,0.006,0.008,0.007,0.005,0.007,0.008,22.0,22.0,22.0,22.0,22.0,22.0,22.0,0.9,0.9,0.8,0.8,0.75,0.82,0.82
247610.04257878286,593007.7853421083,66.95950085633999,69.67885486608301,191.25458586412842,27.523160091777385,-3013.904665072826,-2799.87,-2838.17,-2861.57,-2905.48,-2930.42,-3095.22,-3123.76,0.75,0.5,0.35,0.52,0.65,0.61,0.5,0.35,0.3,0.25,0.275,0.3,0.35,0.37,0.003,0.006,0.008,0.007,0.005,0.007,0.008,22.0,22.0,22.0,22.0,22.0,22.0,22.0,0.9,0.9,0.8,0.8,0.75,0.82,0.82
247592.78884514756,593057.6037935029,65.88925855042558,69.3744499513428,190.59364028571855,30.480852160991773,-3014.452619969555,-2799.82,-2837.78,-2863.62,-2905.05,-2933.16,-3094.07,-3125.77,0.75,0.5,0.35,0.52,0.65,0.61,0.5,0.35,0.3,0.25,0.275,0.3,0.35,0.37,0.003,0.006,0.008,0.007,0.005,0.007,0.008,22.0,22.0,22.0,22.0,22.0,22.0,22.0,0.9,0.9,0.8,0.8,0.75,0.82,0.82
247575.21810676347,593107.0391034955,64.64828987766062,69.03429943805324,189.46754060778858,34.57335354549799,-3014.8438661885466,-2799.83,-2836.87,-2867.34,-2904.19,-2936.55,-3092.02,-3128.05,0.75,0.5,0.35,0.52,0.65,0.61,0.5,0.35,0.3,0.25,0.275,0.3,0.35,0.37,0.003,0.006,0.008,0.007,0.005,0.007,0.008,22.0,22.0,22.0,22.0,22.0,22.0,22.0,0.9,0.9,0.8,0.8,0.75,0.82,0.82
247556.64796666708,593155.2665067471,63.51848089063575,69.11102091638378,187.93932337882293,39.37247015766718,-3014.6574406984128,-2801.1,-2835.45,-2870.6,-2902.32,-2939.68,-3088.59,-3129.7,0.75,0.5,0.35,0.52,0.65,0.61,0.5,0.35,0.3,0.25,0.275,0.3,0.35,0.37,0.003,0.006,0.008,0.007,0.005,0.007,0.008,22.0,22.0,22.0,22.0,22.0,22.0,22.0,0.9,0.9,0.8,0.8,0.75,0.82,0.82
247533.69126230362,593198.1921774889,62.72991908043746,69.6757949015626,186.17681717131788,44.21659851476497,-3013.67567157178,-2803.32,-2832.96,-2873.87,-2899.5,-2942.7,-3084.03,-3130.29,0.75,0.5,0.35,0.52,0.65,0.61,0.5,0.35,0.3,0.25,0.275,0.3,0.35,0.37,0.003,0.006,0.008,0.007,0.005,0.007,0.008,22.0,22.0,22.0,22.0,22.0,22.0,22.0,0.9,0.9,0.8,0.8,0.75,0.82,0.82
247506.35056961677,593235.8192290836,61.96899967625713,70.65306049012241,184.49965721752704,48.166006717940434,-3011.9619848918796,-2806.33,-2830.04,-2876.28,-2896.15,-2943.82,-3079.1,-3129.57,0.75,0.5,0.35,0.52,0.65,0.61,0.5,0.35,0.3,0.25,0.275,0.3,0.35,0.37,0.003,0.006,0.008,0.007,0.005,0.007,0.008,22.0,22.0,22.0,22.0,22.0,22.0,22.0,0.9,0.9,0.8,0.8,0.75,0.82,0.82
247474.86450584917,593268.4360614531,60.81326439146406,71.64796278299568,183.15266825041482,50.35196280993478,-3009.9117421336914,-2807.06,-2827.3,-2876.33,-2893.15,-2943.46,-3074.68,-3127.68,0.75,0.5,0.35,0.52,0.65,0.61,0.5,0.35,0.3,0.25,0.275,0.3,0.35,0.37,0.003,0.006,0.008,0.007,0.005,0.007,0.008,22.0,22.0,22.0,22.0,22.0,22.0,22.0,0.9,0.9,0.8,0.8,0.75,0.82,0.82
247440.8842909176,593298.0383882767,59.75017982766131,72.66015900182444,182.21052084086153,50.38588746891649,-3007.986623865718,-2806.58,-2825.88,-2874.98,-2891.65,-2941.92,-3072.71,-3125.04,0.75,0.5,0.35,0.52,0.65,0.61,0.5,0.35,0.3,0.25,0.275,0.3,0.35,0.37,0.003,0.006,0.008,0.007,0.005,0.007,0.008,22.0,22.0,22.0,22.0,22.0,22.0,22.0,0.9,0.9,0.8,0.8,0.75,0.82,0.82
247401.83296138057,593321.5116146182,59.073494906619814,73.51459120857093,181.58348165706192,48.563628869995725,-3006.382356763702,-2806.92,-2825.31,-2872.98,-2891.36,-2939.51,-3071.79,-3122.07,0.75,0.5,0.35,0.52,0.65,0.61,0.5,0.35,0.3,0.25,0.275,0.3,0.35,0.37,0.003,0.006,0.008,0.007,0.005,0.007,0.008,22.0,22.0,22.0,22.0,22.0,22.0,22.0,0.9,0.9,0.8,0.8,0.75,0.82,0.82
247361.99854516247,593344.0383790224,58.337540481413846,73.73826399572846,181.25047435642568,45.49727575803348,-3005.094467150613,-2805.84,-2825.91,-2870.03,-2892.05,-2936.99,-3072.24,-3118.78,0.75,0.5,0.35,0.52,0.65,0.61,0.5,0.35,0.3,0.25,0.275,0.3,0.35,0.37,0.003,0.006,0.008,0.007,0.005,0.007,0.008,22.0,22.0,22.0,22.0,22.0,22.0,22.0,0.9,0.9,0.8,0.8,0.75,0.82,0.82
247322.18152813497,593366.5861726076,56.7985465227806,73.51443002609025,181.30715771164924,41.77449337007123,-3004.062566704483,-2804.41,-2826.69,-2867.14,-2892.78,-2933.91,-3073.12,-3115.83,0.75,0.5,0.35,0.52,0.65,0.61,0.5,0.35,0.3,0.25,0.275,0.3,0.35,0.37,0.003,0.006,0.008,0.007,0.005,0.007,0.008,22.0,22.0,22.0,22.0,22.0,22.0,22.0,0.9,0.9,0.8,0.8,0.75,0.82,0.82
247286.1916981685,593393.7596187141,54.46781239632909,72.93435635137952,181.72939424632727,37.82507682400154,-3003.263555554439,-2801.86,-2827.51,-2863.85,-2893.98,-2930.8,-3074.66,-3113.3,0.75,0.5,0.35,0.52,0.65,0.61,0.5,0.35,0.3,0.25,0.275,0.3,0.35,0.37,0.003,0.006,0.008,0.007,0.005,0.007,0.008,22.0,22.0,22.0,22.0,22.0,22.0,22.0,0.9,0.9,0.8,0.8,0.75,0.82,0.82
247252.56985275398,593423.7950816331,52.13191993204216,71.98623262583608,182.29934686835088,34.059519758217284,-3002.665993736734,-2798.97,-2828.09,-2859.8,-2894.75,-2927.96,-3076.62,-3110.95,0.75,0.5,0.35,0.52,0.65,0.61,0.5,0.35,0.3,0.25,0.275,0.3,0.35,0.37,0.003,0.006,0.008,0.007,0.005,0.007,0.008,22.0,22.0,22.0,22.0,22.0,22.0,22.0,0.9,0.9,0.8,0.8,0.75,0.82,0.82
247218.20137771982,593452.9281457075,49.888111514235284,71.0819882268716,182.60365350981803,31.088936019263258,-3002.216712652591,-2797.68,-2828.48,-2857.14,-2895.83,-2925.49,-3078.27,-3109.05,0.75,0.5,0.35,0.52,0.65,0.61,0.5,0.35,0.3,0.25,0.275,0.3,0.35,0.37,0.003,0.006,0.008,0.007,0.005,0.007,0.008,22.0,22.0,22.0,22.0,22.0,22.0,22.0,0.9,0.9,0.8,0.8,0.75,0.82,0.82
247182.55467389434,593480.5163043102,47.718358158114086,70.54976279674159,182.23499856620097,29.794908957919816,-3001.7056902278728,-2796.5,-2828.63,-2855.73,-2896.51,-2924.8,-3079.11,-3107.62,0.75,0.5,0.35,0.52,0.65,0.61,0.5,0.35,0.3,0.25,0.275,0.3,0.35,0.37,0.003,0.006,0.008,0.007,0.005,0.007,0.008,22.0,22.0,22.0,22.0,22.0,22.0,22.0,0.9,0.9,0.8,0.8,0.75,0.82,0.82
247144.1433454461,593504.7630550712,46.27345336429265,70.53690257612722,181.11178282989323,30.744284993450286,-3000.7486401421393,-2796.32,-2828.05,-2856.85,-2895.43,-2925.42,-3077.01,-3106.56,0.75,0.5,0.35,0.52,0.65,0.61,0.5,0.35,0.3,0.25,0.275,0.3,0.35,0.37,0.003,0.006,0.008,0.007,0.005,0.007,0.008,22.0,22.0,22.0,22.0,22.0,22.0,22.0,0.9,0.9,0.8,0.8,0.75,0.82,0.82
247104.095091395,593527.0313686875,45.48870892313339,70.87156700622464,179.60609106819518,33.64136604761585,-2999.1145383059757,-2795.44,-2825.71,-2858.51,-2893.22,-2926.4,-3072.89,-3105.58,0.75,0.5,0.35,0.52,0.65,0.61,0.5,0.35,0.3,0.25,0.275,0.3,0.35,0.37,0.003,0.006,0.008,0.007,0.005,0.007,0.008,22.0,22.0,22.0,22.0,22.0,22.0,22.0,0.9,0.9,0.8,0.8,0.75,0.82,0.82
247062.97313639376,593548.0019752859,44.84928366152522,71.42317799991595,178.26315532841681,37.42282744757932,-2996.9519942817233,-2795.05,-2822.26,-2859.47,-2888.7,-2927.08,-3067.14,-3104.68,0.75,0.5,0.35,0.52,0.65,0.61,0.5,0.35,0.3,0.25,0.275,0.3,0.35,0.37,0.003,0.006,0.008,0.007,0.005,0.007,0.008,22.0,22.0,22.0,22.0,22.0,22.0,22.0,0.9,0.9,0.8,0.8,0.75,0.82,0.82
247022.24455459724,593569.4480244817,44.44067911482742,72.13998375843246,177.4553330307391,40.51900447023161,-2994.802819681237,-2795.46,-2819.3,-2859.93,-2885.29,-2926.64,-3062.04,-3103.91,0.75,0.5,0.35,0.52,0.65,0.61,0.5,0.35,0.3,0.25,0.275,0.3,0.35,0.37,0.003,0.006,0.008,0.007,0.005,0.007,0.008,22.0,22.0,22.0,22.0,22.0,22.0,22.0,0.9,0.9,0.8,0.8,0.75,0.82,0.82
246983.58157658522,593593.3906240683,44.457227423901685,72.49826400264404,177.3837235703154,41.8634870375231,-2993.1912162858785,-2794.37,-2817.69,-2858.97,-2883.22,-2925.33,-3059.47,-3103.08,0.75,0.5,0.35,0.52,0.65,0.61,0.5,0.35,0.3,0.25,0.275,0.3,0.35,0.37,0.003,0.006,0.008,0.007,0.005,0.007,0.008,22.0,22.0,22.0,22.0,22.0,22.0,22.0,0.9,0.9,0.8,0.8,0.75,0.82,0.82
246947.6102862962,593620.5864777825,44.74542070258813,71.98026284434587,178.02804395369242,41.47129035562564,-2992.3527006176496,-2791.97,-2816.68,-2856.38,-2882.45,-2923.67,-3059.4,-3102.24,0.75,0.5,0.35,0.52,0.65,0.61,0.5,0.35,0.3,0.25,0.275,0.3,0.35,0.37,0.003,0.006,0.008,0.007,0.005,0.007,0.008,22.0,22.0,22.0,22.0,22.0,22.0,22.0,0.9,0.9,0.8,0.8,0.75,0.82,0.82
246914.36338354403,593651.0751075951,44.80439071042336,70.92550771145918,179.12935133716815,40.2667890220652,-2992.2823006207163,-2788.89,-2816.8,-2853.77,-2883.02,-2921.79,-3061.02,-3101.98,0.75,0.5,0.35,0.52,0.65,0.61,0.5,0.35,0.3,0.25,0.275,0.3,0.35,0.37,0.003,0.006,0.008,0.007,0.005,0.007,0.008,22.0,22.0,22.0,22.0,22.0,22.0,22.0,0.9,0.9,0.8,0.8,0.75,0.82,0.82
246883.35757690575,593684.2723930664,44.70362705889283,69.93539622821083,180.19054499436746,39.632522666990354,-2992.735198916329,-2784.94,-2816.97,-2852.49,-2883.5,-2921.36,-3063.29,-3102.76,0.75,0.5,0.35,0.52,0.65,0.61,0.5,0.35,0.3,0.25,0.275,0.3,0.35,0.37,0.003,0.006,0.008,0.007,0.005,0.007,0.008,22.0,22.0,22.0,22.0,22.0,22.0,22.0,0.9,0.9,0.8,0.8,0.75,0.82,0.82
246849.1403308344,593713.5882369793,44.84287688692079,69.40187615489248,180.65507513553172,40.56863748548248,-2993.232495707092,-2780.3,-2816.25,-2853.08,-2883.19,-2922.62,-3064.13,-3103.96,0.75,0.5,0.35,0.52,0.65,0.61,0.5,0.35,0.3,0.25,0.275,0.3,0.35,0.37,0.003,0.006,0.008,0.007,0.005,0.007,0.008,22.0,22.0,22.0,22.0,22.0,22.0,22.0,0.9,0.9,0.8,0.8,0.75,0.82,0.82
246808.88192016786,593735.602549037,44.802950095343846,69.86861558300649,180.37523390178518,43.300330649448306,-2993.236520404246,-2777.31,-2814.67,-2855.89,-2882.16,-2924.79,-3063.0,-3105.17,0.75,0.5,0.35,0.52,0.65,0.61,0.5,0.35,0.3,0.25,0.275,0.3,0.35,0.37,0.003,0.006,0.008,0.007,0.005,0.007,0.008,22.0,22.0,22.0,22.0,22.0,22.0,22.0,0.9,0.9,0.8,0.8,0.75,0.82,0.82
246763.58167159357,593751.5231453034,44.20909241955803,71.61482444042795,179.78464797852646,47.21525263988172,-2992.397997267111,-2777.77,-2812.4,-2859.44,-2879.09,-2927.14,-3059.19,-3106.0,0.75,0.5,0.35,0.52,0.65,0.61,0.5,0.35,0.3,0.25,0.275,0.3,0.35,0.37,0.003,0.006,0.008,0.007,0.005,0.007,0.008,22.0,22.0,22.0,22.0,22.0,22.0,22.0,0.9,0.9,0.8,0.8,0.75,0.82,0.82
246718.76082569687,593768.0231619558,43.714877680498105,74.07728714398917,179.47802495540896,50.75852924962922,-2990.9135482184356,-2779.0,-2809.09,-2860.35,-2875.24,-2927.25,-3054.54,-3106.4,0.75,0.5,0.35,0.52,0.65,0.61,0.5,0.35,0.3,0.25,0.275,0.3,0.35,0.37,0.003,0.006,0.008,0.007,0.005,0.007,0.008,22.0,22.0,22.0,22.0,22.0,22.0,22.0,0.9,0.9,0.8,0.8,0.75,0.82,0.82
246675.40182726807,593786.2900110931,43.4247494910781,75.80534419848271,179.66747508201644,52.16772767446168,-2989.5270049656137,-2776.49,-2807.0,-2859.45,-2872.31,-2926.24,-3051.67,-3105.72,0.75,0.5,0.35,0.52,0.65,0.61,0.5,0.35,0.3,0.25,0.275,0.3,0.35,0.37,0.003,0.006,0.008,0.007,0.005,0.007,0.008,22.0,22.0,22.0,22.0,22.0,22.0,22.0,0.9,0.9,0.8,0.8,0.75,0.82,0.82
246635.8615120319,593809.1722347228,42.86424811207816,75.81657269091039,180.2168447218305,50.2632830506584,-2989.00012095464,-2773.21,-2806.53,-2857.95,-2872.14,-2924.32,-3052.32,-3104.59,0.75,0.5,0.35,0.52,0.65,0.61,0.5,0.35,0.3,0.25,0.275,0.3,0.35,0.37,0.003,0.006,0.008,0.007,0.005,0.007,0.008,22.0,22.0,22.0,22.0,22.0,22.0,22.0,0.9,0.9,0.8,0.8,0.75,0.82,0.82
246602.61145505944,593839.6570522506,42.11806456588411,74.5491431717228,180.85298748149836,44.77598680673108,-2989.700356458092,-2775.54,-2809.93,-2854.96,-2875.35,-2921.82,-3056.37,-3102.66,0.75,0.5,0.35,0.52,0.65,0.61,0.5,0.35,0.3,0.25,0.275,0.3,0.35,0.37,0.003,0.006,0.008,0.007,0.005,0.007,0.008,22.0,22.0,22.0,22.0,22.0,22.0,22.0,0.9,0.9,0.8,0.8,0.75,0.82,0.82
246574.62919196882,593876.5086827048,41.56084830451996,73.09761194721354,181.45338128460634,36.50038214637199,-2991.652983869032,-2784.12,-2816.31,-2852.76,-2881.71,-2919.01,-3063.3,-3100.23,0.75,0.5,0.35,0.52,0.65,0.61,0.5,0.35,0.3,0.25,0.275,0.3,0.35,0.37,0.003,0.006,0.008,0.007,0.005,0.007,0.008,22.0,22.0,22.0,22.0,22.0,22.0,22.0,0.9,0.9,0.8,0.8,0.75,0.82,0.82
246544.48610164472,593910.748672865,40.938035650189946,71.93370212597125,182.12381413402528,27.337477217842277,-2994.6133269813345,-2791.94,-2824.35,-2851.03,-2889.86,-2916.92,-3072.53,-3098.25,0.75,0.5,0.35,0.52,0.65,0.61,0.5,0.35,0.3,0.25,0.275,0.3,0.35,0.37,0.003,0.006,0.008,0.007,0.005,0.007,0.008,22.0,22.0,22.0,22.0,22.0,22.0,22.0,0.9,0.9,0.8,0.8,0.75,0.82,0.82
246514.4002130732,593945.0577987708,40.19154916227619,70.741603514285,182.97393183321577,19.750803746359157,-2998.136082023505,-2798.08,-2831.64,-2850.03,-2897.33,-2915.91,-3081.02,-3098.0,0.75,0.5,0.35,0.52,0.65,0.61,0.5,0.35,0.3,0.25,0.275,0.3,0.35,0.37,0.003,0.006,0.008,0.007,0.005,0.007,0.008,22.0,22.0,22.0,22.0,22.0,22.0,22.0,0.9,0.9,0.8,0.8,0.75,0.82,0.82
246480.45873126131,593974.7069395991,39.5961512001857,69.5996689807255,183.9947622733343,15.589727286718883,-3001.864086292877,-2800.45,-2836.36,-2850.89,-2902.49,-2917.28,-3087.86,-3099.74,0.75,0.5,0.35,0.52,0.65,0.61,0.5,0.35,0.3,0.25,0.275,0.3,0.35,0.37,0.003,0.006,0.008,0.007,0.005,0.007,0.008,22.0,22.0,22.0,22.0,22.0,22.0,22.0,0.9,0.9,0.8,0.8,0.75,0.82,0.82
246438.55370690287,593994.7311051983,39.18216075048656,69.35851780705602,185.06020357601483,15.16348725309205,-3005.5372619199607,-2800.3,-2838.97,-2854.33,-2905.34,-2920.96,-3092.32,-3104.41,0.75,0.5,0.35,0.52,0.65,0.61,0.5,0.35,0.3,0.25,0.275,0.3,0.35,0.37,0.003,0.006,0.008,0.007,0.005,0.007,0.008,22.0,22.0,22.0,22.0,22.0,22.0,22.0,0.9,0.9,0.8,0.8,0.75,0.82,0.82
246392.2991888621,594009.498342903,38.550389363041184,70.40755856823633,186.01563902768567,17.07163239428941,-3008.8616926936766,-2802.2,-2840.28,-2859.1,-2906.61,-2925.65,-3094.56,-3109.8,0.75,0.5,0.35,0.52,0.65,0.61,0.5,0.35,0.3,0.25,0.275,0.3,0.35,0.37,0.003,0.006,0.008,0.007,0.005,0.007,0.008,22.0,22.0,22.0,22.0,22.0,22.0,22.0,0.9,0.9,0.8,0.8,0.75,0.82,0.82
246346.7100802336,594025.0698142855,37.848429876117606,71.98492030770156,186.87936299154234,19.184818540484503,-3011.6363857100228,-2805.21,-2841.72,-2863.47,-2907.58,-2929.52,-3096.29,-3114.52,0.75,0.5,0.35,0.52,0.65,0.61,0.5,0.35,0.3,0.25,0.275,0.3,0.35,0.37,0.003,0.006,0.008,0.007,0.005,0.007,0.008,22.0,22.0,22.0,22.0,22.0,22.0,22.0,0.9,0.9,0.8,0.8,0.75,0.82,0.82
246301.69333225943,594041.3330578395,37.6989371548695,72.95023584080192,187.7240054125752,20.038271737746154,-3013.8755088634707,-2807.26,-2843.32,-2865.76,-2908.73,-2931.49,-3098.35,-3117.42,0.75,0.5,0.35,0.52,0.65,0.61,0.5,0.35,0.3,0.25,0.275,0.3,0.35,0.37,0.003,0.006,0.008,0.007,0.005,0.007,0.008,22.0,22.0,22.0,22.0,22.0,22.0,22.0,0.9,0.9,0.8,0.8,0.75,0.82,0.82
246256.3391187869,594057.1884305191,38.15423495819382,72.90208361139517,188.6057060102808,19.41629735957249,-3015.7687848425485,-2809.37,-2845.45,-2866.51,-2910.82,-2932.44,-3101.03,-3119.17,0.75,0.5,0.35,0.52,0.65,0.61,0.5,0.35,0.3,0.25,0.275,0.3,0.35,0.37,0.003,0.006,0.008,0.007,0.005,0.007,0.008,22.0,22.0,22.0,22.0,22.0,22.0,22.0,0.9,0.9,0.8,0.8,0.75,0.82,0.82
246211.18241957034,594073.282524824,38.53823533096722,72.32581754529686,189.63024809244837,18.03085358273659,-3017.4479804878392,-2811.36,-2847.82,-2866.84,-2913.06,-2932.46,-3104.23,-3120.4,0.75,0.5,0.35,0.52,0.65,0.61,0.5,0.35,0.3,0.25,0.275,0.3,0.35,0.37,0.003,0.006,0.008,0.007,0.005,0.007,0.008,22.0,22.0,22.0,22.0,22.0,22.0,22.0,0.9,0.9,0.8,0.8,0.75,0.82,0.82
246166.62038173774,594090.095344628,38.83942326577342,71.83013667782126,190.83116027216937,16.8080130366997,-3018.929589200737,-2812.59,-2849.36,-2866.87,-2914.56,-2932.76,-3107.1,-3121.74,0.75,0.5,0.35,0.52,0.65,0.61,0.5,0.35,0.3,0.25,0.275,0.3,0.35,0.37,0.003,0.006,0.008,0.007,0.005,0.007,0.008,22.0,22.0,22.0,22.0,22.0,22.0,22.0,0.9,0.9,0.8,0.8,0.75,0.82,0.82
246123.6895787242,594108.8797235257,39.40983949632067,71.80051717002132,192.26213931895725,16.131846811706787,-3020.1530367673777,-2812.49,-2850.04,-2867.36,-2915.42,-2933.22,-3109.35,-3123.39,0.75,0.5,0.35,0.52,0.65,0.61,0.5,0.35,0.3,0.25,0.275,0.3,0.35,0.37,0.003,0.006,0.008,0.007,0.005,0.007,0.008,22.0,22.0,22.0,22.0,22.0,22.0,22.0,0.9,0.9,0.8,0.8,0.75,0.82,0.82
246082.82648456187,594130.1631970609,39.83830226539075,71.98956741299939,194.15912399291827,15.656861882877305,-3020.952847825655,-2810.89,-2849.91,-2867.37,-2915.54,-2933.26,-3111.02,-3125.29,0.75,0.5,0.35,0.52,0.65,0.61,0.5,0.35,0.3,0.25,0.275,0.3,0.35,0.37,0.003,0.006,0.008,0.007,0.005,0.007,0.008,22.0,22.0,22.0,22.0,22.0,22.0,22.0,0.9,0.9,0.8,0.8,0.75,0.82,0.82
246044.61790681168,594154.6549983677,40.0599626497734,71.9467565896808,196.96396765384898,14.647864645707289,-3020.9960952823103,-2806.52,-2849.14,-2865.55,-2915.09,-2931.95,-3112.92,-3126.57,0.75,0.5,0.35,0.52,0.65,0.61,0.5,0.35,0.3,0.25,0.275,0.3,0.35,0.37,0.003,0.006,0.008,0.007,0.005,0.007,0.008,22.0,22.0,22.0,22.0,22.0,22.0,22.0,0.9,0.9,0.8,0.8,0.75,0.82,0.82
246009.91098928533,594183.3790107436,40.01458423060103,71.36779727193313,201.3426167888365,12.523665210241457,-3019.780360084306,-2797.31,-2846.57,-2860.56,-2913.29,-2928.07,-3114.81,-3126.64,0.75,0.5,0.35,0.52,0.65,0.61,0.5,0.35,0.3,0.25,0.275,0.3,0.35,0.37,0.003,0.006,0.008,0.007,0.005,0.007,0.008,22.0,22.0,22.0,22.0,22.0,22.0,22.0,0.9,0.9,0.8,0.8,0.75,0.82,0.82
245979.56916723412,594217.3788078064,39.44700320767677,70.37021133705974,207.6768135746731,9.290822335498863,-3016.9039827776687,-2781.99,-2841.07,-2851.62,-2909.22,-2919.64,-3117.01,-3125.53,0.75,0.5,0.35,0.52,0.65,0.61,0.5,0.35,0.3,0.25,0.275,0.3,0.35,0.37,0.003,0.006,0.008,0.007,0.005,0.007,0.008,22.0,22.0,22.0,22.0,22.0,22.0,22.0,0.9,0.9,0.8,0.8,0.75,0.82,0.82
245953.57909801853,594256.6382632438,39.174099575966835,69.282568655282,214.96487071876197,5.720103588901188,-3012.5029511963317,-2769.53,-2833.95,-2840.16,-2902.11,-2907.77,-3118.28,-3123.18,0.75,0.5,0.35,0.52,0.65,0.61,0.5,0.35,0.3,0.25,0.275,0.3,0.35,0.37,0.003,0.006,0.008,0.007,0.005,0.007,0.008,22.0,22.0,22.0,22.0,22.0,22.0,22.0,0.9,0.9,0.8,0.8,0.75,0.82,0.82
245924.96205304586,594292.7226773674,39.74442022286562,68.36257286798522,221.00967441711725,2.7534581325351155,-3007.218190549758,-2774.84,-2825.33,-2828.34,-2894.7,-2897.21,-3117.85,-3119.68,0.75,0.5,0.35,0.52,0.65,0.61,0.5,0.35,0.3,0.25,0.275,0.3,0.35,0.37,0.003,0.006,0.008,0.007,0.005,0.007,0.008,22.0,22.0,22.0,22.0,22.0,22.0,22.0,0.9,0.9,0.8,0.8,0.75,0.82,0.82
245887.95366722823,594318.665066469,39.19576280746449,67.91046793663875,224.25404953274796,0.9162009978118014,-3001.6162112884213,-2778.51,-2817.43,-2818.33,-2888.61,-2888.92,-3114.5,-3114.5,0.75,0.5,0.35,0.52,0.65,0.61,0.5,0.35,0.3,0.25,0.275,0.3,0.35,0.37,0.003,0.006,0.008,0.007,0.005,0.007,0.008,22.0,22.0,22.0,22.0,22.0,22.0,22.0,0.9,0.9,0.8,0.8,0.75,0.82,0.82
245849.2337679366,594342.5388692981,38.200693720488204,68.06115613346584,224.72886775720042,0.17968538434692172,-2996.253909910024,-2782.49,-2810.98,-2810.98,-2882.81,-2882.81,-3108.49,-3108.49,0.75,0.5,0.35,0.52,0.65,0.61,0.5,0.35,0.3,0.25,0.275,0.3,0.35,0.37,0.003,0.006,0.008,0.007,0.005,0.007,0.008,22.0,22.0,22.0,22.0,22.0,22.0,22.0,0.9,0.9,0.8,0.8,0.75,0.82,0.82
245810.93328240726,594366.9195881196,39.49978002005065,68.28144027593508,223.4237248211319,0.018779176847141088,-2991.916136992131,-2786.34,-2806.61,-2806.61,-2879.21,-2879.21,-3102.87,-3102.87,0.75,0.5,0.35,0.52,0.65,0.61,0.5,0.35,0.3,0.25,0.275,0.3,0.35,0.37,0.003,0.006,0.008,0.007,0.005,0.007,0.008,22.0,22.0,22.0,22.0,22.0,22.0,22.0,0.9,0.9,0.8,0.8,0.75,0.82,0.82
245773.2397572616,594392.0338973781,42.07073407378702,68.20890726524888,221.6618690983828,0.000984753379116577,-2989.187039868076,-2789.19,-2805.16,-2805.16,-2877.65,-2877.65,-3098.75,-3098.75,0.75,0.5,0.35,0.52,0.65,0.61,0.5,0.35,0.3,0.25,0.275,0.3,0.35,0.37,0.003,0.006,0.008,0.007,0.005,0.007,0.008,22.0,22.0,22.0,22.0,22.0,22.0,22.0,0.9,0.9,0.8,0.8,0.75,0.82,0.82
245738.43285067557,594420.637059992,43.185073168957445,68.09216264438494,220.49869077962626,2.0972511081986717e-05,-2988.0065181931714,-2789.19,-2805.16,-2805.16,-2877.65,-2877.65,-3097.66,-3097.66,0.75,0.5,0.35,0.52,0.65,0.61,0.5,0.35,0.3,0.25,0.275,0.3,0.35,0.37,0.003,0.006,0.008,0.007,0.005,0.007,0.008,22.0,22.0,22.0,22.0,22.0,22.0,22.0,0.9,0.9,0.8,0.8,0.75,0.82,0.82
