x_coor;y_coor;dip_azi;dip;thick;throw;depth_mid;h1;h2;h3;h4;h5;h6;h7;f_s1;f_s2;f_s3;f_s4;f_s5;f_s6;f_s7;f_d1;f_d2;f_d3;f_d4;f_d5;f_d6;f_d7;d_c1;d_c2;d_c3;d_c4;d_c5;d_c6;d_c7;sv_grad1;sv_grad2;sv_grad3;sv_grad4;sv_grad5;sv_grad6;sv_grad7;shsv1;shsv2;shsv3;shsv4;shsv5;shsv6;shsv7
249201.9999;591610.2965;60.80999193;66.61770534;247.7864613;7.614695895;-2981.060383;-2756.1;-2798.35;-2798.35;-2840.15;-2861.93;-3104.95;-3104.95;0.75;0.5;0.35;0.52;0.72;0.61;0.5;0.35;0.3;0.25;0.275;0.35;0.35;0.37;0.03;0.06;0.08;0.07;0.05;0.07;0.08;22;22;22;22;22;22;22;0.9;0.9;0.8;0.8;0.75;0.82;0.82
249167.1989;591638.9069;61.35955183;67.73627393;237.410568;3.271656644;-2986.248329;-2765.45;-2807.32;-2807.32;-2869.15;-2869.15;-3104.95;-3104.95;0.75;0.5;0.35;0.52;0.72;0.61;0.5;0.35;0.3;0.25;0.275;0.35;0.35;0.37;0.03;0.06;0.08;0.07;0.05;0.07;0.08;22;22;22;22;22;22;22;0.9;0.9;0.8;0.8;0.75;0.82;0.82
249130.8677;591665.6677;61.82907905;68.38851421;226.1882348;0.637470182;-2991.859496;-2778.41;-2817.71;-2817.71;-2880.16;-2880.16;-3104.95;-3104.95;0.75;0.5;0.35;0.52;0.72;0.61;0.5;0.35;0.3;0.25;0.275;0.35;0.35;0.37;0.03;0.06;0.08;0.07;0.05;0.07;0.08;22;22;22;22;22;22;22;0.9;0.9;0.8;0.8;0.75;0.82;0.82
249093.814;591691.5553;62.13687014;68.36717756;217.1804634;0.049734989;-2996.363944;-2785.85;-2825.08;-2825.08;-2888.57;-2888.57;-3104.95;-3104.95;0.75;0.5;0.35;0.52;0.72;0.61;0.5;0.35;0.3;0.25;0.275;0.35;0.35;0.37;0.03;0.06;0.08;0.07;0.05;0.07;0.08;22;22;22;22;22;22;22;0.9;0.9;0.8;0.8;0.75;0.82;0.82
249056.6685;591717.332;62.06291053;68.14242075;210.3802575;0.002880496;-2999.783068;-2789.99;-2830.45;-2830.45;-2895.88;-2895.88;-3104.95;-3104.95;0.75;0.5;0.35;0.52;0.72;0.61;0.5;0.35;0.3;0.25;0.275;0.35;0.35;0.37;0.03;0.06;0.08;0.07;0.05;0.07;0.08;22;22;22;22;22;22;22;0.9;0.9;0.8;0.8;0.75;0.82;0.82
249020.4499;591744.2289;61.39070847;67.61065435;205.8787611;0.026369796;-3002.274167;-2792.92;-2833.78;-2833.78;-2900.15;-2900.15;-3104.95;-3104.95;0.75;0.5;0.35;0.52;0.72;0.61;0.5;0.35;0.3;0.25;0.275;0.35;0.35;0.37;0.03;0.06;0.08;0.07;0.05;0.07;0.08;22;22;22;22;22;22;22;0.9;0.9;0.8;0.8;0.75;0.82;0.82
248985.3197;591772.4413;60.6822598;65.75363745;204.0788024;0.244435016;-3004.357267;-2793.47;-2835.72;-2835.72;-2902.98;-2902.98;-3104.95;-3104.95;0.75;0.5;0.35;0.52;0.72;0.61;0.5;0.35;0.3;0.25;0.275;0.35;0.35;0.37;0.03;0.06;0.08;0.07;0.05;0.07;0.08;22;22;22;22;22;22;22;0.9;0.9;0.8;0.8;0.75;0.82;0.82
248958.0078;591810.1032;60.13852181;63.18310291;204.6934691;1.211075759;-3006.485866;-2792.73;-2836.05;-2836.67;-2904.32;-2904.36;-3108.94;-3109.37;0.75;0.5;0.35;0.52;0.72;0.61;0.5;0.35;0.3;0.25;0.275;0.35;0.35;0.37;0.03;0.06;0.08;0.07;0.05;0.07;0.08;22;22;22;22;22;22;22;0.9;0.9;0.8;0.8;0.75;0.82;0.82
248933.6641;591851.3525;59.70233739;61.75086149;205.5891191;3.554398476;-3008.349577;-2790.08;-2835.4;-2837.79;-2903.95;-2906.58;-3110.63;-3113.8;0.75;0.5;0.35;0.52;0.72;0.61;0.5;0.35;0.3;0.25;0.275;0.35;0.35;0.37;0.03;0.06;0.08;0.07;0.05;0.07;0.08;22;22;22;22;22;22;22;0.9;0.9;0.8;0.8;0.75;0.82;0.82
248917.5727;591902.5758;59.48049251;61.16946176;205.0323603;7.337354743;-3009.61176;-2786.95;-2833.93;-2839.81;-2903.69;-2910.5;-3109.35;-3115.88;0.75;0.5;0.35;0.52;0.72;0.61;0.5;0.35;0.3;0.25;0.275;0.35;0.35;0.37;0.03;0.06;0.08;0.07;0.05;0.07;0.08;22;22;22;22;22;22;22;0.9;0.9;0.8;0.8;0.75;0.82;0.82
248893.4889;591944.1392;58.82868317;62.0805194;203.3473299;12.29014995;-3010.25462;-2788.1;-2834.18;-2845.48;-2902.75;-2915.08;-3106.57;-3118.02;0.75;0.5;0.35;0.52;0.72;0.61;0.5;0.35;0.3;0.25;0.275;0.35;0.35;0.37;0.03;0.06;0.08;0.07;0.05;0.07;0.08;22;22;22;22;22;22;22;0.9;0.9;0.8;0.8;0.75;0.82;0.82
248853.5096;591966.4909;57.41795454;64.55567475;201.5064716;17.84410692;-3010.219865;-2789.59;-2833.24;-2850.58;-2900.68;-2919.44;-3102.54;-3119.89;0.75;0.5;0.35;0.52;0.72;0.61;0.5;0.35;0.3;0.25;0.275;0.35;0.35;0.37;0.03;0.06;0.08;0.07;0.05;0.07;0.08;22;22;22;22;22;22;22;0.9;0.9;0.8;0.8;0.75;0.82;0.82
248812.1074;591987.1228;56.45900799;67.22962718;200.0577787;23.1832634;-3009.472308;-2788.36;-2830.82;-2854.09;-2897.77;-2921.89;-3098.13;-3121.25;0.75;0.5;0.35;0.52;0.72;0.61;0.5;0.35;0.3;0.25;0.275;0.35;0.35;0.37;0.03;0.06;0.08;0.07;0.05;0.07;0.08;22;22;22;22;22;22;22;0.9;0.9;0.8;0.8;0.75;0.82;0.82
248769.2504;592005.9963;56.24853977;69.57138814;199.0265098;27.68118914;-3008.196134;-2787.82;-2828.53;-2856.35;-2894.45;-2923.24;-3093.81;-3121.7;0.75;0.5;0.35;0.52;0.72;0.61;0.5;0.35;0.3;0.25;0.275;0.35;0.35;0.37;0.03;0.06;0.08;0.07;0.05;0.07;0.08;22;22;22;22;22;22;22;0.9;0.9;0.8;0.8;0.75;0.82;0.82
248729.8913;592029.0975;56.31444268;71.83000496;198.2727974;31.01630849;-3006.741826;-2788.05;-2826.03;-2856.99;-2891.68;-2923.37;-3089.89;-3121.49;0.75;0.5;0.35;0.52;0.72;0.61;0.5;0.35;0.3;0.25;0.275;0.35;0.35;0.37;0.03;0.06;0.08;0.07;0.05;0.07;0.08;22;22;22;22;22;22;22;0.9;0.9;0.8;0.8;0.75;0.82;0.82
248693.6836;592056.0076;56.20997911;73.42636328;197.6791132;33.15859957;-3005.466654;-2788.91;-2824.5;-2856.99;-2889.66;-2923.14;-3087.19;-3121.01;0.75;0.5;0.35;0.52;0.72;0.61;0.5;0.35;0.3;0.25;0.275;0.35;0.35;0.37;0.03;0.06;0.08;0.07;0.05;0.07;0.08;22;22;22;22;22;22;22;0.9;0.9;0.8;0.8;0.75;0.82;0.82
248656.1362;592081.2986;55.5253497;74.21432186;197.1128444;34.19925356;-3004.586128;-2788.81;-2823.47;-2857.07;-2888.53;-2922.97;-3085.36;-3120.45;0.75;0.5;0.35;0.52;0.72;0.61;0.5;0.35;0.3;0.25;0.275;0.35;0.35;0.37;0.03;0.06;0.08;0.07;0.05;0.07;0.08;22;22;22;22;22;22;22;0.9;0.9;0.8;0.8;0.75;0.82;0.82
248617.3201;592105.0561;54.40562207;74.99475826;196.5393844;34.14474067;-3004.141672;-2787.96;-2823.47;-2857.27;-2888.52;-2922.96;-3084.74;-3119.7;0.75;0.5;0.35;0.52;0.72;0.61;0.5;0.35;0.3;0.25;0.275;0.35;0.35;0.37;0.03;0.06;0.08;0.07;0.05;0.07;0.08;22;22;22;22;22;22;22;0.9;0.9;0.8;0.8;0.75;0.82;0.82
248578.3513;592128.6292;53.38485862;75.36144695;196.0446793;33.00559625;-3004.053196;-2786.73;-2824.23;-2856.59;-2889.41;-2922.48;-3084.92;-3118.86;0.75;0.5;0.35;0.52;0.72;0.61;0.5;0.35;0.3;0.25;0.275;0.35;0.35;0.37;0.03;0.06;0.08;0.07;0.05;0.07;0.08;22;22;22;22;22;22;22;0.9;0.9;0.8;0.8;0.75;0.82;0.82
248539.6874;592152.5706;52.44448377;74.86302916;195.6473554;30.90613706;-3004.236262;-2786.75;-2825.77;-2855.6;-2890.8;-2921.78;-3086.17;-3117.78;0.75;0.5;0.35;0.52;0.72;0.61;0.5;0.35;0.3;0.25;0.275;0.35;0.35;0.37;0.03;0.06;0.08;0.07;0.05;0.07;0.08;22;22;22;22;22;22;22;0.9;0.9;0.8;0.8;0.75;0.82;0.82
248502.5154;592178.3153;50.3981544;74.05382846;195.2496088;28.15257331;-3004.640341;-2788.39;-2827.81;-2854.73;-2893.02;-2920.76;-3087.84;-3116.53;0.75;0.5;0.35;0.52;0.72;0.61;0.5;0.35;0.3;0.25;0.275;0.35;0.35;0.37;0.03;0.06;0.08;0.07;0.05;0.07;0.08;22;22;22;22;22;22;22;0.9;0.9;0.8;0.8;0.75;0.82;0.82
248466.8772;592205.9137;48.29200449;73.47348331;194.8275571;25.25748111;-3005.218096;-2791.26;-2830.28;-2854.17;-2895.48;-2920.1;-3089.84;-3115.28;0.75;0.5;0.35;0.52;0.72;0.61;0.5;0.35;0.3;0.25;0.275;0.35;0.35;0.37;0.03;0.06;0.08;0.07;0.05;0.07;0.08;22;22;22;22;22;22;22;0.9;0.9;0.8;0.8;0.75;0.82;0.82
248433.7468;592236.5431;47.97527009;73.04859812;194.4504855;22.77767213;-3005.907372;-2793.73;-2832.43;-2853.77;-2897.7;-2919.63;-3091.72;-3114.44;0.75;0.5;0.35;0.52;0.72;0.61;0.5;0.35;0.3;0.25;0.275;0.35;0.35;0.37;0.03;0.06;0.08;0.07;0.05;0.07;0.08;22;22;22;22;22;22;22;0.9;0.9;0.8;0.8;0.75;0.82;0.82
248405.4647;592273.0323;48.21583309;72.71498692;194.14182;21.17514158;-3006.665459;-2795.48;-2834.24;-2853.75;-2899.59;-2919.59;-3093.18;-3114.21;0.75;0.5;0.35;0.52;0.72;0.61;0.5;0.35;0.3;0.25;0.275;0.35;0.35;0.37;0.03;0.06;0.08;0.07;0.05;0.07;0.08;22;22;22;22;22;22;22;0.9;0.9;0.8;0.8;0.75;0.82;0.82
248377.0159;592309.3201;46.90306352;72.59650441;193.8641668;20.69110922;-3007.453537;-2796.93;-2835.34;-2854.52;-2900.65;-2920.39;-3094.13;-3114.71;0.75;0.5;0.35;0.52;0.72;0.61;0.5;0.35;0.3;0.25;0.275;0.35;0.35;0.37;0.03;0.06;0.08;0.07;0.05;0.07;0.08;22;22;22;22;22;22;22;0.9;0.9;0.8;0.8;0.75;0.82;0.82
248345.0225;592341.3238;45.01246127;72.56733125;193.5497414;21.22285811;-3008.198815;-2797.73;-2835.78;-2855.62;-2901.24;-2921.71;-3094.44;-3115.7;0.75;0.5;0.35;0.52;0.72;0.61;0.5;0.35;0.3;0.25;0.275;0.35;0.35;0.37;0.03;0.06;0.08;0.07;0.05;0.07;0.08;22;22;22;22;22;22;22;0.9;0.9;0.8;0.8;0.75;0.82;0.82
248309.0942;592368.5716;43.55398375;72.70823476;193.1687587;22.45298372;-3008.808834;-2797.94;-2835.74;-2856.93;-2901.37;-2923.31;-3094.2;-3116.83;0.75;0.5;0.35;0.52;0.72;0.61;0.5;0.35;0.3;0.25;0.275;0.35;0.35;0.37;0.03;0.06;0.08;0.07;0.05;0.07;0.08;22;22;22;22;22;22;22;0.9;0.9;0.8;0.8;0.75;0.82;0.82
248269.2208;592391.0512;42.68121216;73.17827199;192.7139511;23.97693898;-3009.232117;-2798.32;-2835.51;-2858.66;-2901.04;-2924.77;-3093.53;-3117.9;0.75;0.5;0.35;0.52;0.72;0.61;0.5;0.35;0.3;0.25;0.275;0.35;0.35;0.37;0.03;0.06;0.08;0.07;0.05;0.07;0.08;22;22;22;22;22;22;22;0.9;0.9;0.8;0.8;0.75;0.82;0.82
248226.4728;592410.0565;42.52187755;73.75414342;192.1995613;25.28440183;-3009.513309;-2798.96;-2835.36;-2860.34;-2900.77;-2926.16;-3092.58;-3118.64;0.75;0.5;0.35;0.52;0.72;0.61;0.5;0.35;0.3;0.25;0.275;0.35;0.35;0.37;0.03;0.06;0.08;0.07;0.05;0.07;0.08;22;22;22;22;22;22;22;0.9;0.9;0.8;0.8;0.75;0.82;0.82
248183.8454;592429.2076;42.79271636;74.1223203;191.7539375;25.84307802;-3009.800095;-2798.75;-2835.53;-2861.01;-2900.94;-2926.78;-3091.96;-3118.99;0.75;0.5;0.35;0.52;0.72;0.61;0.5;0.35;0.3;0.25;0.275;0.35;0.35;0.37;0.03;0.06;0.08;0.07;0.05;0.07;0.08;22;22;22;22;22;22;22;0.9;0.9;0.8;0.8;0.75;0.82;0.82
248143.9023;592451.6031;43.35217927;73.8524578;191.4568313;25.38917823;-3010.293414;-2798.72;-2836.57;-2861.1;-2901.75;-2926.99;-3092.59;-3119.07;0.75;0.5;0.35;0.52;0.72;0.61;0.5;0.35;0.3;0.25;0.275;0.35;0.35;0.37;0.03;0.06;0.08;0.07;0.05;0.07;0.08;22;22;22;22;22;22;22;0.9;0.9;0.8;0.8;0.75;0.82;0.82
248105.3795;592475.715;44.79084857;73.14141037;191.2689837;24.06414383;-3011.08622;-2800.18;-2838.16;-2861.06;-2903.58;-2927.17;-3094.04;-3119.1;0.75;0.5;0.35;0.52;0.72;0.61;0.5;0.35;0.3;0.25;0.275;0.35;0.35;0.37;0.03;0.06;0.08;0.07;0.05;0.07;0.08;22;22;22;22;22;22;22;0.9;0.9;0.8;0.8;0.75;0.82;0.82
248066.5576;592499.4656;46.42143558;72.31188322;191.226157;22.31096443;-3012.083192;-2802.47;-2840.2;-2860.93;-2905.82;-2927.24;-3096.15;-3119.1;0.75;0.5;0.35;0.52;0.72;0.61;0.5;0.35;0.3;0.25;0.275;0.35;0.35;0.37;0.03;0.06;0.08;0.07;0.05;0.07;0.08;22;22;22;22;22;22;22;0.9;0.9;0.8;0.8;0.75;0.82;0.82
248028.5968;592524.2568;47.39921737;71.55038866;191.4326842;20.64530711;-3013.077407;-2804.06;-2841.93;-2861.09;-2907.73;-2927.42;-3098.27;-3119.41;0.75;0.5;0.35;0.52;0.72;0.61;0.5;0.35;0.3;0.25;0.275;0.35;0.35;0.37;0.03;0.06;0.08;0.07;0.05;0.07;0.08;22;22;22;22;22;22;22;0.9;0.9;0.8;0.8;0.75;0.82;0.82
247991.8965;592550.5716;48.0644073;70.73423;191.9768203;19.34478546;-3013.865451;-2804.23;-2842.78;-2860.25;-2908.97;-2927.38;-3099.95;-3119.88;0.75;0.5;0.35;0.52;0.72;0.61;0.5;0.35;0.3;0.25;0.275;0.35;0.35;0.37;0.03;0.06;0.08;0.07;0.05;0.07;0.08;22;22;22;22;22;22;22;0.9;0.9;0.8;0.8;0.75;0.82;0.82
247957.9821;592580.2535;49.37603334;69.49026917;192.8282586;18.49179607;-3014.377687;-2802.9;-2842.84;-2859.12;-2909.47;-2926.62;-3101.25;-3120.49;0.75;0.5;0.35;0.52;0.72;0.61;0.5;0.35;0.3;0.25;0.275;0.35;0.35;0.37;0.03;0.06;0.08;0.07;0.05;0.07;0.08;22;22;22;22;22;22;22;0.9;0.9;0.8;0.8;0.75;0.82;0.82
247925.971;592612.2358;51.06998457;67.73340607;193.7681604;18.19197431;-3014.663965;-2801.33;-2842.18;-2857.24;-2909.57;-2926.15;-3102.1;-3121.26;0.75;0.5;0.35;0.52;0.72;0.61;0.5;0.35;0.3;0.25;0.275;0.35;0.35;0.37;0.03;0.06;0.08;0.07;0.05;0.07;0.08;22;22;22;22;22;22;22;0.9;0.9;0.8;0.8;0.75;0.82;0.82
247897.4911;592648.4859;52.91373637;65.91384846;194.518959;18.56018199;-3014.763413;-2799.55;-2840.77;-2855.35;-2909.06;-2925.85;-3102.49;-3121.99;0.75;0.5;0.35;0.52;0.72;0.61;0.5;0.35;0.3;0.25;0.275;0.35;0.35;0.37;0.03;0.06;0.08;0.07;0.05;0.07;0.08;22;22;22;22;22;22;22;0.9;0.9;0.8;0.8;0.75;0.82;0.82
247870.4718;592686.5014;55.52491498;64.59537258;194.7673309;19.6467699;-3014.738797;-2797.58;-2839.55;-2854.79;-2908.14;-2926.08;-3101.97;-3122.68;0.75;0.5;0.35;0.52;0.72;0.61;0.5;0.35;0.3;0.25;0.275;0.35;0.35;0.37;0.03;0.06;0.08;0.07;0.05;0.07;0.08;22;22;22;22;22;22;22;0.9;0.9;0.8;0.8;0.75;0.82;0.82
247841.9115;592722.6544;58.32636565;64.18303931;194.3421594;21.32092318;-3014.680436;-2796.5;-2838.71;-2856.59;-2907.37;-2927.44;-3100.89;-3123.12;0.75;0.5;0.35;0.52;0.72;0.61;0.5;0.35;0.3;0.25;0.275;0.35;0.35;0.37;0.03;0.06;0.08;0.07;0.05;0.07;0.08;22;22;22;22;22;22;22;0.9;0.9;0.8;0.8;0.75;0.82;0.82
247808.0154;592752.3584;61.15902985;64.67471664;193.4117635;23.19916307;-3014.638247;-2797.01;-2838.39;-2859.14;-2906.4;-2929.26;-3099.33;-3123.33;0.75;0.5;0.35;0.52;0.72;0.61;0.5;0.35;0.3;0.25;0.275;0.35;0.35;0.37;0.03;0.06;0.08;0.07;0.05;0.07;0.08;22;22;22;22;22;22;22;0.9;0.9;0.8;0.8;0.75;0.82;0.82
247771.9727;592779.4679;63.9992294;65.54447837;192.3318989;24.75987643;-3014.640759;-2797.17;-2837.77;-2861.52;-2906.03;-2931.01;-3098.08;-3123.36;0.75;0.5;0.35;0.52;0.72;0.61;0.5;0.35;0.3;0.25;0.275;0.35;0.35;0.37;0.03;0.06;0.08;0.07;0.05;0.07;0.08;22;22;22;22;22;22;22;0.9;0.9;0.8;0.8;0.75;0.82;0.82
247737.2808;592808.2101;64.56203975;66.79775291;191.4636882;25.6723931;-3014.59364;-2797.06;-2837.63;-2863.56;-2906.07;-2932.27;-3097.43;-3123.33;0.75;0.5;0.35;0.52;0.72;0.61;0.5;0.35;0.3;0.25;0.275;0.35;0.35;0.37;0.03;0.06;0.08;0.07;0.05;0.07;0.08;22;22;22;22;22;22;22;0.9;0.9;0.8;0.8;0.75;0.82;0.82
247704.0868;592838.7627;65.02908617;68.50901349;191.0496602;25.90866927;-3014.331479;-2798.76;-2838.23;-2863.77;-2906.02;-2932.17;-3096.74;-3122.92;0.75;0.5;0.35;0.52;0.72;0.61;0.5;0.35;0.3;0.25;0.275;0.35;0.35;0.37;0.03;0.06;0.08;0.07;0.05;0.07;0.08;22;22;22;22;22;22;22;0.9;0.9;0.8;0.8;0.75;0.82;0.82
247673.5628;592872.5423;66.56985673;69.77243135;191.0818498;25.68680294;-3013.897652;-2801.44;-2838.11;-2862.83;-2905.75;-2930.93;-3096.2;-3122.54;0.75;0.5;0.35;0.52;0.72;0.61;0.5;0.35;0.3;0.25;0.275;0.35;0.35;0.37;0.03;0.06;0.08;0.07;0.05;0.07;0.08;22;22;22;22;22;22;22;0.9;0.9;0.8;0.8;0.75;0.82;0.82
247647.8127;592912.0917;67.17111483;70.14133978;191.3054134;25.47467391;-3013.563705;-2802.73;-2838.26;-2861.56;-2905.63;-2929.65;-3095.89;-3122.06;0.75;0.5;0.35;0.52;0.72;0.61;0.5;0.35;0.3;0.25;0.275;0.35;0.35;0.37;0.03;0.06;0.08;0.07;0.05;0.07;0.08;22;22;22;22;22;22;22;0.9;0.9;0.8;0.8;0.75;0.82;0.82
247627.0939;592957.7222;67.20609511;69.96876179;191.4428756;25.91376818;-3013.56083;-2802;-2837.94;-2860.53;-2905.72;-2929.5;-3095.82;-3122.63;0.75;0.5;0.35;0.52;0.72;0.61;0.5;0.35;0.3;0.25;0.275;0.35;0.35;0.37;0.03;0.06;0.08;0.07;0.05;0.07;0.08;22;22;22;22;22;22;22;0.9;0.9;0.8;0.8;0.75;0.82;0.82
247610.0426;593007.7853;66.95950086;69.67885487;191.2545859;27.52316009;-3013.904665;-2799.87;-2838.17;-2861.57;-2905.48;-2930.42;-3095.22;-3123.76;0.75;0.5;0.35;0.52;0.72;0.61;0.5;0.35;0.3;0.25;0.275;0.35;0.35;0.37;0.03;0.06;0.08;0.07;0.05;0.07;0.08;22;22;22;22;22;22;22;0.9;0.9;0.8;0.8;0.75;0.82;0.82
247592.7888;593057.6038;65.88925855;69.37444995;190.5936403;30.48085216;-3014.45262;-2799.82;-2837.78;-2863.62;-2905.05;-2933.16;-3094.07;-3125.77;0.75;0.5;0.35;0.52;0.72;0.61;0.5;0.35;0.3;0.25;0.275;0.35;0.35;0.37;0.03;0.06;0.08;0.07;0.05;0.07;0.08;22;22;22;22;22;22;22;0.9;0.9;0.8;0.8;0.75;0.82;0.82
247575.2181;593107.0391;64.64828988;69.03429944;189.4675406;34.57335355;-3014.843866;-2799.83;-2836.87;-2867.34;-2904.19;-2936.55;-3092.02;-3128.05;0.75;0.5;0.35;0.52;0.72;0.61;0.5;0.35;0.3;0.25;0.275;0.35;0.35;0.37;0.03;0.06;0.08;0.07;0.05;0.07;0.08;22;22;22;22;22;22;22;0.9;0.9;0.8;0.8;0.75;0.82;0.82
247556.648;593155.2665;63.51848089;69.11102092;187.9393234;39.37247016;-3014.657441;-2801.1;-2835.45;-2870.6;-2902.32;-2939.68;-3088.59;-3129.7;0.75;0.5;0.35;0.52;0.72;0.61;0.5;0.35;0.3;0.25;0.275;0.35;0.35;0.37;0.03;0.06;0.08;0.07;0.05;0.07;0.08;22;22;22;22;22;22;22;0.9;0.9;0.8;0.8;0.75;0.82;0.82
247533.6913;593198.1922;62.72991908;69.6757949;186.1768172;44.21659851;-3013.675672;-2803.32;-2832.96;-2873.87;-2899.5;-2942.7;-3084.03;-3130.29;0.75;0.5;0.35;0.52;0.72;0.61;0.5;0.35;0.3;0.25;0.275;0.35;0.35;0.37;0.03;0.06;0.08;0.07;0.05;0.07;0.08;22;22;22;22;22;22;22;0.9;0.9;0.8;0.8;0.75;0.82;0.82
247506.3506;593235.8192;61.96899968;70.65306049;184.4996572;48.16600672;-3011.961985;-2806.33;-2830.04;-2876.28;-2896.15;-2943.82;-3079.1;-3129.57;0.75;0.5;0.35;0.52;0.72;0.61;0.5;0.35;0.3;0.25;0.275;0.35;0.35;0.37;0.03;0.06;0.08;0.07;0.05;0.07;0.08;22;22;22;22;22;22;22;0.9;0.9;0.8;0.8;0.75;0.82;0.82
247474.8645;593268.4361;60.81326439;71.64796278;183.1526683;50.35196281;-3009.911742;-2807.06;-2827.3;-2876.33;-2893.15;-2943.46;-3074.68;-3127.68;0.75;0.5;0.35;0.52;0.72;0.61;0.5;0.35;0.3;0.25;0.275;0.35;0.35;0.37;0.03;0.06;0.08;0.07;0.05;0.07;0.08;22;22;22;22;22;22;22;0.9;0.9;0.8;0.8;0.75;0.82;0.82
247440.8843;593298.0384;59.75017983;72.660159;182.2105208;50.38588747;-3007.986624;-2806.58;-2825.88;-2874.98;-2891.65;-2941.92;-3072.71;-3125.04;0.75;0.5;0.35;0.52;0.72;0.61;0.5;0.35;0.3;0.25;0.275;0.35;0.35;0.37;0.03;0.06;0.08;0.07;0.05;0.07;0.08;22;22;22;22;22;22;22;0.9;0.9;0.8;0.8;0.75;0.82;0.82
247401.833;593321.5116;59.07349491;73.51459121;181.5834817;48.56362887;-3006.382357;-2806.92;-2825.31;-2872.98;-2891.36;-2939.51;-3071.79;-3122.07;0.75;0.5;0.35;0.52;0.72;0.61;0.5;0.35;0.3;0.25;0.275;0.35;0.35;0.37;0.03;0.06;0.08;0.07;0.05;0.07;0.08;22;22;22;22;22;22;22;0.9;0.9;0.8;0.8;0.75;0.82;0.82
247361.9985;593344.0384;58.33754048;73.738264;181.2504744;45.49727576;-3005.094467;-2805.84;-2825.91;-2870.03;-2892.05;-2936.99;-3072.24;-3118.78;0.75;0.5;0.35;0.52;0.72;0.61;0.5;0.35;0.3;0.25;0.275;0.35;0.35;0.37;0.03;0.06;0.08;0.07;0.05;0.07;0.08;22;22;22;22;22;22;22;0.9;0.9;0.8;0.8;0.75;0.82;0.82
247322.1815;593366.5862;56.79854652;73.51443003;181.3071577;41.77449337;-3004.062567;-2804.41;-2826.69;-2867.14;-2892.78;-2933.91;-3073.12;-3115.83;0.75;0.5;0.35;0.52;0.72;0.61;0.5;0.35;0.3;0.25;0.275;0.35;0.35;0.37;0.03;0.06;0.08;0.07;0.05;0.07;0.08;22;22;22;22;22;22;22;0.9;0.9;0.8;0.8;0.75;0.82;0.82
247286.1917;593393.7596;54.4678124;72.93435635;181.7293942;37.82507682;-3003.263556;-2801.86;-2827.51;-2863.85;-2893.98;-2930.8;-3074.66;-3113.3;0.75;0.5;0.35;0.52;0.72;0.61;0.5;0.35;0.3;0.25;0.275;0.35;0.35;0.37;0.03;0.06;0.08;0.07;0.05;0.07;0.08;22;22;22;22;22;22;22;0.9;0.9;0.8;0.8;0.75;0.82;0.82
247252.5699;593423.7951;52.13191993;71.98623263;182.2993469;34.05951976;-3002.665994;-2798.97;-2828.09;-2859.8;-2894.75;-2927.96;-3076.62;-3110.95;0.75;0.5;0.35;0.52;0.72;0.61;0.5;0.35;0.3;0.25;0.275;0.35;0.35;0.37;0.03;0.06;0.08;0.07;0.05;0.07;0.08;22;22;22;22;22;22;22;0.9;0.9;0.8;0.8;0.75;0.82;0.82
247218.2014;593452.9281;49.88811151;71.08198823;182.6036535;31.08893602;-3002.216713;-2797.68;-2828.48;-2857.14;-2895.83;-2925.49;-3078.27;-3109.05;0.75;0.5;0.35;0.52;0.72;0.61;0.5;0.35;0.3;0.25;0.275;0.35;0.35;0.37;0.03;0.06;0.08;0.07;0.05;0.07;0.08;22;22;22;22;22;22;22;0.9;0.9;0.8;0.8;0.75;0.82;0.82
247182.5547;593480.5163;47.71835816;70.5497628;182.2349986;29.79490896;-3001.70569;-2796.5;-2828.63;-2855.73;-2896.51;-2924.8;-3079.11;-3107.62;0.75;0.5;0.35;0.52;0.72;0.61;0.5;0.35;0.3;0.25;0.275;0.35;0.35;0.37;0.03;0.06;0.08;0.07;0.05;0.07;0.08;22;22;22;22;22;22;22;0.9;0.9;0.8;0.8;0.75;0.82;0.82
247144.1433;593504.7631;46.27345336;70.53690258;181.1117828;30.74428499;-3000.74864;-2796.32;-2828.05;-2856.85;-2895.43;-2925.42;-3077.01;-3106.56;0.75;0.5;0.35;0.52;0.72;0.61;0.5;0.35;0.3;0.25;0.275;0.35;0.35;0.37;0.03;0.06;0.08;0.07;0.05;0.07;0.08;22;22;22;22;22;22;22;0.9;0.9;0.8;0.8;0.75;0.82;0.82
247104.0951;593527.0314;45.48870892;70.87156701;179.6060911;33.64136605;-2999.114538;-2795.44;-2825.71;-2858.51;-2893.22;-2926.4;-3072.89;-3105.58;0.75;0.5;0.35;0.52;0.72;0.61;0.5;0.35;0.3;0.25;0.275;0.35;0.35;0.37;0.03;0.06;0.08;0.07;0.05;0.07;0.08;22;22;22;22;22;22;22;0.9;0.9;0.8;0.8;0.75;0.82;0.82
247062.9731;593548.002;44.84928366;71.423178;178.2631553;37.42282745;-2996.951994;-2795.05;-2822.26;-2859.47;-2888.7;-2927.08;-3067.14;-3104.68;0.75;0.5;0.35;0.52;0.72;0.61;0.5;0.35;0.3;0.25;0.275;0.35;0.35;0.37;0.03;0.06;0.08;0.07;0.05;0.07;0.08;22;22;22;22;22;22;22;0.9;0.9;0.8;0.8;0.75;0.82;0.82
247022.2446;593569.448;44.44067911;72.13998376;177.455333;40.51900447;-2994.80282;-2795.46;-2819.3;-2859.93;-2885.29;-2926.64;-3062.04;-3103.91;0.75;0.5;0.35;0.52;0.72;0.61;0.5;0.35;0.3;0.25;0.275;0.35;0.35;0.37;0.03;0.06;0.08;0.07;0.05;0.07;0.08;22;22;22;22;22;22;22;0.9;0.9;0.8;0.8;0.75;0.82;0.82
246983.5816;593593.3906;44.45722742;72.498264;177.3837236;41.86348704;-2993.191216;-2794.37;-2817.69;-2858.97;-2883.22;-2925.33;-3059.47;-3103.08;0.75;0.5;0.35;0.52;0.72;0.61;0.5;0.35;0.3;0.25;0.275;0.35;0.35;0.37;0.03;0.06;0.08;0.07;0.05;0.07;0.08;22;22;22;22;22;22;22;0.9;0.9;0.8;0.8;0.75;0.82;0.82
246947.6103;593620.5865;44.7454207;71.98026284;178.028044;41.47129036;-2992.352701;-2791.97;-2816.68;-2856.38;-2882.45;-2923.67;-3059.4;-3102.24;0.75;0.5;0.35;0.52;0.72;0.61;0.5;0.35;0.3;0.25;0.275;0.35;0.35;0.37;0.03;0.06;0.08;0.07;0.05;0.07;0.08;22;22;22;22;22;22;22;0.9;0.9;0.8;0.8;0.75;0.82;0.82
246914.3634;593651.0751;44.80439071;70.92550771;179.1293513;40.26678902;-2992.282301;-2788.89;-2816.8;-2853.77;-2883.02;-2921.79;-3061.02;-3101.98;0.75;0.5;0.35;0.52;0.72;0.61;0.5;0.35;0.3;0.25;0.275;0.35;0.35;0.37;0.03;0.06;0.08;0.07;0.05;0.07;0.08;22;22;22;22;22;22;22;0.9;0.9;0.8;0.8;0.75;0.82;0.82
246883.3576;593684.2724;44.70362706;69.93539623;180.190545;39.63252267;-2992.735199;-2784.94;-2816.97;-2852.49;-2883.5;-2921.36;-3063.29;-3102.76;0.75;0.5;0.35;0.52;0.72;0.61;0.5;0.35;0.3;0.25;0.275;0.35;0.35;0.37;0.03;0.06;0.08;0.07;0.05;0.07;0.08;22;22;22;22;22;22;22;0.9;0.9;0.8;0.8;0.75;0.82;0.82
246849.1403;593713.5882;44.84287689;69.40187615;180.6550751;40.56863749;-2993.232496;-2780.3;-2816.25;-2853.08;-2883.19;-2922.62;-3064.13;-3103.96;0.75;0.5;0.35;0.52;0.72;0.61;0.5;0.35;0.3;0.25;0.275;0.35;0.35;0.37;0.03;0.06;0.08;0.07;0.05;0.07;0.08;22;22;22;22;22;22;22;0.9;0.9;0.8;0.8;0.75;0.82;0.82
246808.8819;593735.6025;44.8029501;69.86861558;180.3752339;43.30033065;-2993.23652;-2777.31;-2814.67;-2855.89;-2882.16;-2924.79;-3063;-3105.17;0.75;0.5;0.35;0.52;0.72;0.61;0.5;0.35;0.3;0.25;0.275;0.35;0.35;0.37;0.03;0.06;0.08;0.07;0.05;0.07;0.08;22;22;22;22;22;22;22;0.9;0.9;0.8;0.8;0.75;0.82;0.82
246763.5817;593751.5231;44.20909242;71.61482444;179.784648;47.21525264;-2992.397997;-2777.77;-2812.4;-2859.44;-2879.09;-2927.14;-3059.19;-3106;0.75;0.5;0.35;0.52;0.72;0.61;0.5;0.35;0.3;0.25;0.275;0.35;0.35;0.37;0.03;0.06;0.08;0.07;0.05;0.07;0.08;22;22;22;22;22;22;22;0.9;0.9;0.8;0.8;0.75;0.82;0.82
246718.7608;593768.0232;43.71487768;74.07728714;179.478025;50.75852925;-2990.913548;-2779;-2809.09;-2860.35;-2875.24;-2927.25;-3054.54;-3106.4;0.75;0.5;0.35;0.52;0.72;0.61;0.5;0.35;0.3;0.25;0.275;0.35;0.35;0.37;0.03;0.06;0.08;0.07;0.05;0.07;0.08;22;22;22;22;22;22;22;0.9;0.9;0.8;0.8;0.75;0.82;0.82
246675.4018;593786.29;43.42474949;75.8053442;179.6674751;52.16772767;-2989.527005;-2776.49;-2807;-2859.45;-2872.31;-2926.24;-3051.67;-3105.72;0.75;0.5;0.35;0.52;0.72;0.61;0.5;0.35;0.3;0.25;0.275;0.35;0.35;0.37;0.03;0.06;0.08;0.07;0.05;0.07;0.08;22;22;22;22;22;22;22;0.9;0.9;0.8;0.8;0.75;0.82;0.82
246635.8615;593809.1722;42.86424811;75.81657269;180.2168447;50.26328305;-2989.000121;-2773.21;-2806.53;-2857.95;-2872.14;-2924.32;-3052.32;-3104.59;0.75;0.5;0.35;0.52;0.72;0.61;0.5;0.35;0.3;0.25;0.275;0.35;0.35;0.37;0.03;0.06;0.08;0.07;0.05;0.07;0.08;22;22;22;22;22;22;22;0.9;0.9;0.8;0.8;0.75;0.82;0.82
246602.6115;593839.6571;42.11806457;74.54914317;180.8529875;44.77598681;-2989.700356;-2775.54;-2809.93;-2854.96;-2875.35;-2921.82;-3056.37;-3102.66;0.75;0.5;0.35;0.52;0.72;0.61;0.5;0.35;0.3;0.25;0.275;0.35;0.35;0.37;0.03;0.06;0.08;0.07;0.05;0.07;0.08;22;22;22;22;22;22;22;0.9;0.9;0.8;0.8;0.75;0.82;0.82
246574.6292;593876.5087;41.5608483;73.09761195;181.4533813;36.50038215;-2991.652984;-2784.12;-2816.31;-2852.76;-2881.71;-2919.01;-3063.3;-3100.23;0.75;0.5;0.35;0.52;0.72;0.61;0.5;0.35;0.3;0.25;0.275;0.35;0.35;0.37;0.03;0.06;0.08;0.07;0.05;0.07;0.08;22;22;22;22;22;22;22;0.9;0.9;0.8;0.8;0.75;0.82;0.82
246544.4861;593910.7487;40.93803565;71.93370213;182.1238141;27.33747722;-2994.613327;-2791.94;-2824.35;-2851.03;-2889.86;-2916.92;-3072.53;-3098.25;0.75;0.5;0.35;0.52;0.72;0.61;0.5;0.35;0.3;0.25;0.275;0.35;0.35;0.37;0.03;0.06;0.08;0.07;0.05;0.07;0.08;22;22;22;22;22;22;22;0.9;0.9;0.8;0.8;0.75;0.82;0.82
246514.4002;593945.0578;40.19154916;70.74160351;182.9739318;19.75080375;-2998.136082;-2798.08;-2831.64;-2850.03;-2897.33;-2915.91;-3081.02;-3098;0.75;0.5;0.35;0.52;0.72;0.61;0.5;0.35;0.3;0.25;0.275;0.35;0.35;0.37;0.03;0.06;0.08;0.07;0.05;0.07;0.08;22;22;22;22;22;22;22;0.9;0.9;0.8;0.8;0.75;0.82;0.82
246480.4587;593974.7069;39.5961512;69.59966898;183.9947623;15.58972729;-3001.864086;-2800.45;-2836.36;-2850.89;-2902.49;-2917.28;-3087.86;-3099.74;0.75;0.5;0.35;0.52;0.72;0.61;0.5;0.35;0.3;0.25;0.275;0.35;0.35;0.37;0.03;0.06;0.08;0.07;0.05;0.07;0.08;22;22;22;22;22;22;22;0.9;0.9;0.8;0.8;0.75;0.82;0.82
246438.5537;593994.7311;39.18216075;69.35851781;185.0602036;15.16348725;-3005.537262;-2800.3;-2838.97;-2854.33;-2905.34;-2920.96;-3092.32;-3104.41;0.75;0.5;0.35;0.52;0.72;0.61;0.5;0.35;0.3;0.25;0.275;0.35;0.35;0.37;0.03;0.06;0.08;0.07;0.05;0.07;0.08;22;22;22;22;22;22;22;0.9;0.9;0.8;0.8;0.75;0.82;0.82
246392.2992;594009.4983;38.55038936;70.40755857;186.015639;17.07163239;-3008.861693;-2802.2;-2840.28;-2859.1;-2906.61;-2925.65;-3094.56;-3109.8;0.75;0.5;0.35;0.52;0.72;0.61;0.5;0.35;0.3;0.25;0.275;0.35;0.35;0.37;0.03;0.06;0.08;0.07;0.05;0.07;0.08;22;22;22;22;22;22;22;0.9;0.9;0.8;0.8;0.75;0.82;0.82
246346.7101;594025.0698;37.84842988;71.98492031;186.879363;19.18481854;-3011.636386;-2805.21;-2841.72;-2863.47;-2907.58;-2929.52;-3096.29;-3114.52;0.75;0.5;0.35;0.52;0.72;0.61;0.5;0.35;0.3;0.25;0.275;0.35;0.35;0.37;0.03;0.06;0.08;0.07;0.05;0.07;0.08;22;22;22;22;22;22;22;0.9;0.9;0.8;0.8;0.75;0.82;0.82
246301.6933;594041.3331;37.69893715;72.95023584;187.7240054;20.03827174;-3013.875509;-2807.26;-2843.32;-2865.76;-2908.73;-2931.49;-3098.35;-3117.42;0.75;0.5;0.35;0.52;0.72;0.61;0.5;0.35;0.3;0.25;0.275;0.35;0.35;0.37;0.03;0.06;0.08;0.07;0.05;0.07;0.08;22;22;22;22;22;22;22;0.9;0.9;0.8;0.8;0.75;0.82;0.82
246256.3391;594057.1884;38.15423496;72.90208361;188.605706;19.41629736;-3015.768785;-2809.37;-2845.45;-2866.51;-2910.82;-2932.44;-3101.03;-3119.17;0.75;0.5;0.35;0.52;0.72;0.61;0.5;0.35;0.3;0.25;0.275;0.35;0.35;0.37;0.03;0.06;0.08;0.07;0.05;0.07;0.08;22;22;22;22;22;22;22;0.9;0.9;0.8;0.8;0.75;0.82;0.82
246211.1824;594073.2825;38.53823533;72.32581755;189.6302481;18.03085358;-3017.44798;-2811.36;-2847.82;-2866.84;-2913.06;-2932.46;-3104.23;-3120.4;0.75;0.5;0.35;0.52;0.72;0.61;0.5;0.35;0.3;0.25;0.275;0.35;0.35;0.37;0.03;0.06;0.08;0.07;0.05;0.07;0.08;22;22;22;22;22;22;22;0.9;0.9;0.8;0.8;0.75;0.82;0.82
246166.6204;594090.0953;38.83942327;71.83013668;190.8311603;16.80801304;-3018.929589;-2812.59;-2849.36;-2866.87;-2914.56;-2932.76;-3107.1;-3121.74;0.75;0.5;0.35;0.52;0.72;0.61;0.5;0.35;0.3;0.25;0.275;0.35;0.35;0.37;0.03;0.06;0.08;0.07;0.05;0.07;0.08;22;22;22;22;22;22;22;0.9;0.9;0.8;0.8;0.75;0.82;0.82
246123.6896;594108.8797;39.4098395;71.80051717;192.2621393;16.13184681;-3020.153037;-2812.49;-2850.04;-2867.36;-2915.42;-2933.22;-3109.35;-3123.39;0.75;0.5;0.35;0.52;0.72;0.61;0.5;0.35;0.3;0.25;0.275;0.35;0.35;0.37;0.03;0.06;0.08;0.07;0.05;0.07;0.08;22;22;22;22;22;22;22;0.9;0.9;0.8;0.8;0.75;0.82;0.82
246082.8265;594130.1632;39.83830227;71.98956741;194.159124;15.65686188;-3020.952848;-2810.89;-2849.91;-2867.37;-2915.54;-2933.26;-3111.02;-3125.29;0.75;0.5;0.35;0.52;0.72;0.61;0.5;0.35;0.3;0.25;0.275;0.35;0.35;0.37;0.03;0.06;0.08;0.07;0.05;0.07;0.08;22;22;22;22;22;22;22;0.9;0.9;0.8;0.8;0.75;0.82;0.82
246044.6179;594154.655;40.05996265;71.94675659;196.9639677;14.64786465;-3020.996095;-2806.52;-2849.14;-2865.55;-2915.09;-2931.95;-3112.92;-3126.57;0.75;0.5;0.35;0.52;0.72;0.61;0.5;0.35;0.3;0.25;0.275;0.35;0.35;0.37;0.03;0.06;0.08;0.07;0.05;0.07;0.08;22;22;22;22;22;22;22;0.9;0.9;0.8;0.8;0.75;0.82;0.82
246009.911;594183.379;40.01458423;71.36779727;201.3426168;12.52366521;-3019.78036;-2797.31;-2846.57;-2860.56;-2913.29;-2928.07;-3114.81;-3126.64;0.75;0.5;0.35;0.52;0.72;0.61;0.5;0.35;0.3;0.25;0.275;0.35;0.35;0.37;0.03;0.06;0.08;0.07;0.05;0.07;0.08;22;22;22;22;22;22;22;0.9;0.9;0.8;0.8;0.75;0.82;0.82
245979.5692;594217.3788;39.44700321;70.37021134;207.6768136;9.290822335;-3016.903983;-2781.99;-2841.07;-2851.62;-2909.22;-2919.64;-3117.01;-3125.53;0.75;0.5;0.35;0.52;0.72;0.61;0.5;0.35;0.3;0.25;0.275;0.35;0.35;0.37;0.03;0.06;0.08;0.07;0.05;0.07;0.08;22;22;22;22;22;22;22;0.9;0.9;0.8;0.8;0.75;0.82;0.82
245953.5791;594256.6383;39.17409958;69.28256866;214.9648707;5.720103589;-3012.502951;-2769.53;-2833.95;-2840.16;-2902.11;-2907.77;-3118.28;-3123.18;0.75;0.5;0.35;0.52;0.72;0.61;0.5;0.35;0.3;0.25;0.275;0.35;0.35;0.37;0.03;0.06;0.08;0.07;0.05;0.07;0.08;22;22;22;22;22;22;22;0.9;0.9;0.8;0.8;0.75;0.82;0.82
245924.9621;594292.7227;39.74442022;68.36257287;221.0096744;2.753458133;-3007.218191;-2774.84;-2825.33;-2828.34;-2894.7;-2897.21;-3117.85;-3119.68;0.75;0.5;0.35;0.52;0.72;0.61;0.5;0.35;0.3;0.25;0.275;0.35;0.35;0.37;0.03;0.06;0.08;0.07;0.05;0.07;0.08;22;22;22;22;22;22;22;0.9;0.9;0.8;0.8;0.75;0.82;0.82
245887.9537;594318.6651;39.19576281;67.91046794;224.2540495;0.916200998;-3001.616211;-2778.51;-2817.43;-2818.33;-2888.61;-2888.92;-3114.5;-3114.5;0.75;0.5;0.35;0.52;0.72;0.61;0.5;0.35;0.3;0.25;0.275;0.35;0.35;0.37;0.03;0.06;0.08;0.07;0.05;0.07;0.08;22;22;22;22;22;22;22;0.9;0.9;0.8;0.8;0.75;0.82;0.82
245849.2338;594342.5389;38.20069372;68.06115613;224.7288678;0.179685384;-2996.25391;-2782.49;-2810.98;-2810.98;-2882.81;-2882.81;-3108.49;-3108.49;0.75;0.5;0.35;0.52;0.72;0.61;0.5;0.35;0.3;0.25;0.275;0.35;0.35;0.37;0.03;0.06;0.08;0.07;0.05;0.07;0.08;22;22;22;22;22;22;22;0.9;0.9;0.8;0.8;0.75;0.82;0.82
245810.9333;594366.9196;39.49978002;68.28144028;223.4237248;0.018779177;-2991.916137;-2786.34;-2806.61;-2806.61;-2879.21;-2879.21;-3102.87;-3102.87;0.75;0.5;0.35;0.52;0.72;0.61;0.5;0.35;0.3;0.25;0.275;0.35;0.35;0.37;0.03;0.06;0.08;0.07;0.05;0.07;0.08;22;22;22;22;22;22;22;0.9;0.9;0.8;0.8;0.75;0.82;0.82
245773.2398;594392.0339;42.07073407;68.20890727;221.6618691;0.000984753;-2989.18704;-2789.19;-2805.16;-2805.16;-2877.65;-2877.65;-3098.75;-3098.75;0.75;0.5;0.35;0.52;0.72;0.61;0.5;0.35;0.3;0.25;0.275;0.35;0.35;0.37;0.03;0.06;0.08;0.07;0.05;0.07;0.08;22;22;22;22;22;22;22;0.9;0.9;0.8;0.8;0.75;0.82;0.82
245738.4329;594420.6371;43.18507317;68.09216264;220.4986908;2.10E-05;-2988.006518;-2789.19;-2805.16;-2805.16;-2877.65;-2877.65;-3097.66;-3097.66;0.75;0.5;0.35;0.52;0.72;0.61;0.5;0.35;0.3;0.25;0.275;0.35;0.35;0.37;0.03;0.06;0.08;0.07;0.05;0.07;0.08;22;22;22;22;22;22;22;0.9;0.9;0.8;0.8;0.75;0.82;0.82
